TradeDate,Ticker,Price,Volume,TradeID
2024-01-29,AAPL,191.72999572753906,2534,1
2024-01-29,GOOGL,153.50999450683594,6342,2
2024-01-29,MSFT,409.7200012207031,1742,3
2024-01-29,TSLA,190.92999267578125,2528,4
2024-01-30,AAPL,188.0399932861328,5139,5
2024-01-30,GOOGL,151.4600067138672,1623,6
2024-01-30,MSFT,408.5899963378906,3168,7
2024-01-30,TSLA,191.58999633789062,2299,8
2024-01-31,AAPL,184.39999389648438,4186,9
2024-01-31,GOOGL,140.10000610351562,6423,10
2024-01-31,MSFT,397.5799865722656,6321,11
2024-01-31,TSLA,187.2899932861328,8250,12
2024-02-01,AAPL,186.86000061035156,558,13
2024-02-01,GOOGL,141.16000366210938,8681,14
2024-02-01,MSFT,403.7799987792969,4496,15
2024-02-01,TSLA,188.86000061035156,9148,16
2024-02-02,AAPL,185.85000610351562,9182,17
2024-02-02,GOOGL,142.3800048828125,2775,18
2024-02-02,MSFT,411.2200012207031,9677,19
2024-02-02,TSLA,187.91000366210938,5486,20
2024-02-05,AAPL,187.67999267578125,8415,21
2024-02-05,GOOGL,143.67999267578125,6953,22
2024-02-05,MSFT,405.6499938964844,846,23
2024-02-05,TSLA,181.05999755859375,5170,24
2024-02-06,AAPL,189.3000030517578,1634,25
2024-02-06,GOOGL,144.10000610351562,4162,26
2024-02-06,MSFT,405.489990234375,786,27
2024-02-06,TSLA,185.10000610351562,982,28
2024-02-07,AAPL,189.41000366210938,6871,29
2024-02-07,GOOGL,,-999,30
2024-02-07,MSFT,414.04998779296875,8757,31
2024-02-07,TSLA,187.5800018310547,2419,32
2024-02-08,AAPL,188.32000732421875,3660,33
2024-02-08,GOOGL,145.91000366210938,4084,34
2024-02-08,MSFT,414.1099853515625,4679,35
2024-02-08,TSLA,189.55999755859375,8767,36
2024-02-09,AAPL,188.85000610351562,3203,37
2024-02-09,GOOGL,149.0,3660,38
2024-02-09,MSFT,420.54998779296875,7263,39
2024-02-09,TSLA,193.57000732421875,1317,40
2024-02-12,AAPL,187.14999389648438,7353,41
2024-02-12,GOOGL,147.52999877929688,8707,42
2024-02-12,MSFT,415.260009765625,100,43
2024-02-12,TSLA,188.1300048828125,9345,44
2024-02-13,AAPL,185.0399932861328,8459,45
2024-02-13,GOOGL,145.13999938964844,9865,46
2024-02-13,MSFT,406.32000732421875,375,47
2024-02-13,TSLA,184.02000427246094,3998,48
2024-02-14,AAPL,184.14999389648438,2914,49
2024-02-14,GOOGL,145.94000244140625,9870,50
2024-02-14,MSFT,409.489990234375,5283,51
2024-02-14,TSLA,188.7100067138672,4297,52
2024-02-15,AAPL,183.86000061035156,9678,53
2024-02-15,GOOGL,142.77000427246094,1841,54
2024-02-15,MSFT,406.55999755859375,639,55
2024-02-15,TSLA,200.4499969482422,8897,56
2024-02-16,AAPL,,-999,57
2024-02-16,GOOGL,140.52000427246094,763,58
2024-02-16,MSFT,404.05999755859375,3967,59
2024-02-16,TSLA,199.9499969482422,4245,60
2024-02-20,AAPL,181.55999755859375,9541,61
2024-02-20,GOOGL,141.1199951171875,5495,62
2024-02-20,MSFT,402.7900085449219,3448,63
2024-02-20,TSLA,193.75999450683594,8322,64
2024-02-21,AAPL,182.32000732421875,4002,65
2024-02-21,GOOGL,,8776,66
2024-02-21,MSFT,402.17999267578125,3791,67
2024-02-21,TSLA,194.77000427246094,8119,68
2024-02-22,AAPL,184.3699951171875,138,69
2024-02-22,GOOGL,,6763,70
2024-02-22,MSFT,,-999,71
2024-02-22,TSLA,197.41000366210938,6147,72
2024-02-23,AAPL,182.52000427246094,422,73
2024-02-23,GOOGL,143.9600067138672,7957,74
2024-02-23,MSFT,410.3399963378906,5827,75
2024-02-23,TSLA,191.97000122070312,8509,76
2024-02-26,AAPL,181.16000366210938,5837,77
2024-02-26,GOOGL,137.57000732421875,7446,78
2024-02-26,MSFT,407.5400085449219,265,79
2024-02-26,TSLA,199.39999389648438,4698,80
2024-02-27,AAPL,182.6300048828125,1160,81
2024-02-27,GOOGL,138.8800048828125,3578,82
2024-02-27,MSFT,407.4800109863281,829,83
2024-02-27,TSLA,199.72999572753906,8866,84
2024-02-28,AAPL,181.4199981689453,2232,85
2024-02-28,GOOGL,136.3800048828125,5634,86
2024-02-28,MSFT,407.7200012207031,9292,87
2024-02-28,TSLA,202.0399932861328,9480,88
2024-02-29,AAPL,180.75,8336,89
2024-02-29,GOOGL,138.4600067138672,7286,90
2024-02-29,MSFT,413.6400146484375,427,91
2024-02-29,TSLA,201.8800048828125,4022,92
2024-03-01,AAPL,179.66000366210938,9118,93
2024-03-01,GOOGL,137.13999938964844,7818,94
2024-03-01,MSFT,415.5,5356,95
2024-03-01,TSLA,202.63999938964844,5497,96
2024-03-04,AAPL,175.10000610351562,6226,97
2024-03-04,GOOGL,133.35000610351562,3804,98
2024-03-04,MSFT,414.9200134277344,8934,99
2024-03-04,TSLA,,887,100
2024-03-05,AAPL,170.1199951171875,9721,101
2024-03-05,GOOGL,132.6699981689453,1711,102
2024-03-05,MSFT,402.6499938964844,1479,103
2024-03-05,TSLA,180.74000549316406,4773,104
2024-03-06,AAPL,169.1199951171875,5610,105
2024-03-06,GOOGL,131.39999389648438,5574,106
2024-03-06,MSFT,402.0899963378906,5438,107
2024-03-06,TSLA,176.5399932861328,1789,108
2024-03-07,AAPL,169.0,9821,109
2024-03-07,GOOGL,134.3800048828125,7268,110
2024-03-07,MSFT,409.1400146484375,426,111
2024-03-07,TSLA,,1121,112
2024-03-08,AAPL,170.72999572753906,7177,113
2024-03-08,GOOGL,135.41000366210938,6813,114
2024-03-08,MSFT,406.2200012207031,4728,115
2024-03-08,TSLA,175.33999633789062,1617,116
2024-03-11,AAPL,172.75,1881,117
2024-03-11,GOOGL,137.6699981689453,2832,118
2024-03-11,MSFT,404.5199890136719,7428,119
2024-03-11,TSLA,177.77000427246094,6541,120
2024-03-12,AAPL,173.22999572753906,7946,121
2024-03-12,GOOGL,138.5,7085,122
2024-03-12,MSFT,415.2799987792969,9024,123
2024-03-12,TSLA,177.5399932861328,9309,124
2024-03-13,AAPL,171.1300048828125,9080,125
2024-03-13,GOOGL,139.7899932861328,6629,126
2024-03-13,MSFT,415.1000061035156,1097,127
2024-03-13,TSLA,169.47999572753906,2667,128
2024-03-14,AAPL,,-999,129
2024-03-14,GOOGL,143.10000610351562,6041,130
2024-03-14,MSFT,425.2200012207031,586,131
2024-03-14,TSLA,162.5,4624,132
2024-03-15,AAPL,172.6199951171875,3187,133
2024-03-15,GOOGL,141.17999267578125,333,134
2024-03-15,MSFT,416.4200134277344,8321,135
2024-03-15,TSLA,163.57000732421875,5767,136
2024-03-18,AAPL,173.72000122070312,3997,137
2024-03-18,GOOGL,147.67999267578125,7296,138
2024-03-18,MSFT,417.32000732421875,4914,139
2024-03-18,TSLA,173.8000030517578,9098,140
2024-03-19,AAPL,176.0800018310547,1869,141
2024-03-19,GOOGL,147.02999877929688,1141,142
2024-03-19,MSFT,421.4100036621094,1043,143
2024-03-19,TSLA,171.32000732421875,498,144
2024-03-20,AAPL,178.6699981689453,7946,145
2024-03-20,GOOGL,148.74000549316406,132,146
2024-03-20,MSFT,425.2300109863281,701,147
2024-03-20,TSLA,175.66000366210938,8666,148
2024-03-21,AAPL,171.3699951171875,1710,149
2024-03-21,GOOGL,147.60000610351562,6895,150
2024-03-21,MSFT,429.3699951171875,9858,151
2024-03-21,TSLA,172.82000732421875,9346,152
2024-03-22,AAPL,172.27999877929688,2476,153
2024-03-22,GOOGL,150.77000427246094,9748,154
2024-03-22,MSFT,428.739990234375,6002,155
2024-03-22,TSLA,170.8300018310547,6014,156
2024-03-25,AAPL,170.85000610351562,9503,157
2024-03-25,GOOGL,150.07000732421875,1370,158
2024-03-25,MSFT,422.8599853515625,8521,159
2024-03-25,TSLA,172.6300048828125,4864,160
2024-03-26,AAPL,169.7100067138672,7560,161
2024-03-26,GOOGL,150.6699981689453,6380,162
2024-03-26,MSFT,421.6499938964844,9497,163
2024-03-26,TSLA,177.6699981689453,3234,164
2024-03-27,AAPL,173.30999755859375,739,165
2024-03-27,GOOGL,150.8699951171875,7137,166
2024-03-27,MSFT,421.42999267578125,7610,167
2024-03-27,TSLA,179.8300018310547,5063,168
2024-03-28,AAPL,171.47999572753906,1691,169
2024-03-28,GOOGL,150.92999267578125,9947,170
2024-03-28,MSFT,420.7200012207031,2843,171
2024-03-28,TSLA,175.7899932861328,2593,172
2024-04-01,AAPL,170.02999877929688,9077,173
2024-04-01,GOOGL,155.49000549316406,6449,174
2024-04-01,MSFT,424.57000732421875,3089,175
2024-04-01,TSLA,175.22000122070312,3301,176
2024-04-02,AAPL,168.83999633789062,7528,177
2024-04-02,GOOGL,154.55999755859375,9273,178
2024-04-02,MSFT,421.44000244140625,7993,179
2024-04-02,TSLA,166.6300048828125,4502,180
2024-04-03,AAPL,169.64999389648438,708,181
2024-04-03,GOOGL,154.9199981689453,9295,182
2024-04-03,MSFT,420.45001220703125,4267,183
2024-04-03,TSLA,168.3800048828125,378,184
2024-04-04,AAPL,168.82000732421875,242,185
2024-04-04,GOOGL,150.52999877929688,1812,186
2024-04-04,MSFT,417.8800048828125,8502,187
2024-04-04,TSLA,171.11000061035156,6911,188
2024-04-05,AAPL,169.5800018310547,3911,189
2024-04-05,GOOGL,152.5,990,190
2024-04-05,MSFT,425.5199890136719,3918,191
2024-04-05,TSLA,164.89999389648438,3936,192
2024-04-08,AAPL,168.4499969482422,4676,193
2024-04-08,GOOGL,154.85000610351562,6512,194
2024-04-08,MSFT,424.5899963378906,2220,195
2024-04-08,TSLA,172.97999572753906,5172,196
2024-04-09,AAPL,169.6699981689453,5405,197
2024-04-09,GOOGL,156.60000610351562,7159,198
2024-04-09,MSFT,426.2799987792969,8862,199
2024-04-09,TSLA,176.8800048828125,155,200
2024-04-10,AAPL,167.77999877929688,2849,201
2024-04-10,GOOGL,156.13999938964844,3808,202
2024-04-10,MSFT,423.260009765625,4741,203
2024-04-10,TSLA,171.75999450683594,9634,204
2024-04-11,AAPL,175.0399932861328,7775,205
2024-04-11,GOOGL,159.41000366210938,2807,206
2024-04-11,MSFT,427.92999267578125,5443,207
2024-04-11,TSLA,174.60000610351562,1617,208
2024-04-12,AAPL,176.5500030517578,5168,209
2024-04-12,GOOGL,157.72999572753906,625,210
2024-04-12,MSFT,421.8999938964844,9565,211
2024-04-12,TSLA,171.0500030517578,620,212
2024-04-15,AAPL,,4674,213
2024-04-15,GOOGL,154.86000061035156,7857,214
2024-04-15,MSFT,413.6400146484375,9398,215
2024-04-15,TSLA,161.47999572753906,6078,216
2024-04-16,AAPL,169.3800048828125,823,217
2024-04-16,GOOGL,154.39999389648438,1990,218
2024-04-16,MSFT,414.5799865722656,5208,219
2024-04-16,TSLA,157.11000061035156,1633,220
2024-04-17,AAPL,168.0,4832,221
2024-04-17,GOOGL,155.47000122070312,7156,222
2024-04-17,MSFT,411.8399963378906,764,223
2024-04-17,TSLA,155.4499969482422,4796,224
2024-04-18,AAPL,167.0399932861328,1134,225
2024-04-18,GOOGL,156.00999450683594,4089,226
2024-04-18,MSFT,404.2699890136719,1383,227
2024-04-18,TSLA,149.92999267578125,5938,228
2024-04-19,AAPL,165.0,9667,229
2024-04-19,GOOGL,154.08999633789062,301,230
2024-04-19,MSFT,399.1199951171875,3729,231
2024-04-19,TSLA,,8758,232
2024-04-22,AAPL,165.83999633789062,8852,233
2024-04-22,GOOGL,,-999,234
2024-04-22,MSFT,400.9599914550781,1537,235
2024-04-22,TSLA,142.0500030517578,2093,236
2024-04-23,AAPL,166.89999389648438,9492,237
2024-04-23,GOOGL,,-999,238
2024-04-23,MSFT,407.57000732421875,1863,239
2024-04-23,TSLA,144.67999267578125,1279,240
2024-04-24,AAPL,169.02000427246094,3904,241
2024-04-24,GOOGL,159.1300048828125,818,242
2024-04-24,MSFT,409.05999755859375,1688,243
2024-04-24,TSLA,162.1300048828125,6631,244
2024-04-25,AAPL,169.88999938964844,967,245
2024-04-25,GOOGL,156.0,5641,246
2024-04-25,MSFT,399.0400085449219,5414,247
2024-04-25,TSLA,170.17999267578125,4011,248
2024-04-26,AAPL,169.3000030517578,1221,249
2024-04-26,GOOGL,171.9499969482422,3298,250
2024-04-26,MSFT,406.32000732421875,7848,251
2024-04-26,TSLA,168.2899932861328,7826,252
2024-04-29,AAPL,173.5,2859,253
2024-04-29,GOOGL,166.14999389648438,8368,254
2024-04-29,MSFT,402.25,3444,255
2024-04-29,TSLA,194.0500030517578,6834,256
2024-04-30,AAPL,,7364,257
2024-04-30,GOOGL,162.77999877929688,8123,258
2024-04-30,MSFT,389.3299865722656,5734,259
2024-04-30,TSLA,183.27999877929688,8801,260
2024-05-01,AAPL,169.3000030517578,6579,261
2024-05-01,GOOGL,163.86000061035156,8327,262
2024-05-01,MSFT,394.94000244140625,4845,263
2024-05-01,TSLA,179.99000549316406,9167,264
2024-05-02,AAPL,173.02999877929688,3134,265
2024-05-02,GOOGL,166.6199951171875,7438,266
2024-05-02,MSFT,397.8399963378906,6821,267
2024-05-02,TSLA,180.00999450683594,134,268
2024-05-03,AAPL,183.3800048828125,5437,269
2024-05-03,GOOGL,167.24000549316406,4268,270
2024-05-03,MSFT,406.6600036621094,8403,271
2024-05-03,TSLA,181.19000244140625,7478,272
2024-05-06,AAPL,181.7100067138672,598,273
2024-05-06,GOOGL,168.10000610351562,2421,274
2024-05-06,MSFT,413.5400085449219,1113,275
2024-05-06,TSLA,,-999,276
2024-05-07,AAPL,182.39999389648438,2298,277
2024-05-07,GOOGL,171.25,759,278
2024-05-07,MSFT,409.3399963378906,2646,279
2024-05-07,TSLA,177.80999755859375,8662,280
2024-05-08,AAPL,182.74000549316406,9725,281
2024-05-08,GOOGL,,6554,282
2024-05-08,MSFT,410.5400085449219,1813,283
2024-05-08,TSLA,174.72000122070312,963,284
2024-05-09,AAPL,184.57000732421875,8521,285
2024-05-09,GOOGL,169.9600067138672,6945,286
2024-05-09,MSFT,412.32000732421875,278,287
2024-05-09,TSLA,171.97000122070312,3953,288
2024-05-10,AAPL,183.0500030517578,8932,289
2024-05-10,GOOGL,168.64999389648438,4667,290
2024-05-10,MSFT,414.739990234375,6412,291
2024-05-10,TSLA,168.47000122070312,1331,292
2024-05-13,AAPL,186.27999877929688,239,293
2024-05-13,GOOGL,169.13999938964844,591,294
2024-05-13,MSFT,413.7200012207031,8706,295
2024-05-13,TSLA,171.88999938964844,7541,296
2024-05-14,AAPL,187.42999267578125,6921,297
2024-05-14,GOOGL,,-999,298
2024-05-14,MSFT,416.55999755859375,9772,299
2024-05-14,TSLA,177.5500030517578,5552,300
2024-05-15,AAPL,189.72000122070312,5472,301
2024-05-15,GOOGL,172.50999450683594,7453,302
2024-05-15,MSFT,423.0799865722656,4243,303
2024-05-15,TSLA,173.99000549316406,7160,304
2024-05-16,AAPL,189.83999633789062,9623,305
2024-05-16,GOOGL,,5026,306
2024-05-16,MSFT,420.989990234375,2832,307
2024-05-16,TSLA,174.83999633789062,5788,308
2024-05-17,AAPL,189.8699951171875,4900,309
2024-05-17,GOOGL,176.05999755859375,7681,310
2024-05-17,MSFT,420.2099914550781,6278,311
2024-05-17,TSLA,177.4600067138672,8233,312
2024-05-20,AAPL,191.0399932861328,3462,313
2024-05-20,GOOGL,176.9199981689453,7375,314
2024-05-20,MSFT,425.3399963378906,774,315
2024-05-20,TSLA,174.9499969482422,3980,316
2024-05-21,AAPL,192.35000610351562,6952,317
2024-05-21,GOOGL,177.85000610351562,7602,318
2024-05-21,MSFT,429.0400085449219,9993,319
2024-05-21,TSLA,186.60000610351562,1232,320
2024-05-22,AAPL,190.89999389648438,6571,321
2024-05-22,GOOGL,176.3800048828125,4249,322
2024-05-22,MSFT,430.5199890136719,6634,323
2024-05-22,TSLA,180.11000061035156,9493,324
2024-05-23,AAPL,,1213,325
2024-05-23,GOOGL,173.5500030517578,6843,326
2024-05-23,MSFT,427.0,6398,327
2024-05-23,TSLA,173.74000549316406,9680,328
2024-05-24,AAPL,189.97999572753906,3182,329
2024-05-24,GOOGL,174.99000549316406,6616,330
2024-05-24,MSFT,430.1600036621094,3898,331
2024-05-24,TSLA,179.24000549316406,9320,332
2024-05-28,AAPL,189.99000549316406,1407,333
2024-05-28,GOOGL,176.39999389648438,307,334
2024-05-28,MSFT,430.32000732421875,3032,335
2024-05-28,TSLA,176.75,7159,336
2024-05-29,AAPL,190.2899932861328,8520,337
2024-05-29,GOOGL,175.89999389648438,2178,338
2024-05-29,MSFT,429.1700134277344,2911,339
2024-05-29,TSLA,176.19000244140625,3750,340
2024-05-30,AAPL,191.2899932861328,5239,341
2024-05-30,GOOGL,172.11000061035156,286,342
2024-05-30,MSFT,414.6700134277344,7735,343
2024-05-30,TSLA,178.7899932861328,4449,344
2024-05-31,AAPL,192.25,5543,345
2024-05-31,GOOGL,172.5,7578,346
2024-05-31,MSFT,415.1300048828125,2067,347
2024-05-31,TSLA,178.0800018310547,5725,348
2024-06-03,AAPL,194.02999877929688,7683,349
2024-06-03,GOOGL,173.1699981689453,9933,350
2024-06-03,MSFT,413.5199890136719,7790,351
2024-06-03,TSLA,176.2899932861328,3609,352
2024-06-04,AAPL,194.35000610351562,8609,353
2024-06-04,GOOGL,173.7899932861328,9458,354
2024-06-04,MSFT,416.07000732421875,7871,355
2024-06-04,TSLA,174.77000427246094,4685,356
2024-06-05,AAPL,195.8699951171875,431,357
2024-06-05,GOOGL,175.41000366210938,9560,358
2024-06-05,MSFT,424.010009765625,5310,359
2024-06-05,TSLA,175.0,9209,360
2024-06-06,AAPL,194.47999572753906,1548,361
2024-06-06,GOOGL,176.72999572753906,2204,362
2024-06-06,MSFT,424.5199890136719,4392,363
2024-06-06,TSLA,177.94000244140625,3755,364
2024-06-07,AAPL,196.88999938964844,5451,365
2024-06-07,GOOGL,174.4600067138672,9083,366
2024-06-07,MSFT,423.8500061035156,3904,367
2024-06-07,TSLA,177.47999572753906,9376,368
2024-06-10,AAPL,193.1199951171875,4248,369
2024-06-10,GOOGL,175.00999450683594,5887,370
2024-06-10,MSFT,427.8699951171875,102,371
2024-06-10,TSLA,173.7899932861328,4641,372
2024-06-11,AAPL,207.14999389648438,3241,373
2024-06-11,GOOGL,176.6199951171875,139,374
2024-06-11,MSFT,,-999,375
2024-06-11,TSLA,170.66000366210938,9926,376
2024-06-12,AAPL,213.07000732421875,915,377
2024-06-12,GOOGL,177.7899932861328,4327,378
2024-06-12,MSFT,441.05999755859375,6507,379
2024-06-12,TSLA,177.2899932861328,6883,380
2024-06-13,AAPL,214.24000549316406,8514,381
2024-06-13,GOOGL,175.16000366210938,9141,382
2024-06-13,MSFT,441.5799865722656,9619,383
2024-06-13,TSLA,182.47000122070312,3247,384
2024-06-14,AAPL,212.49000549316406,1904,385
2024-06-14,GOOGL,176.7899932861328,2343,386
2024-06-14,MSFT,442.57000732421875,4005,387
2024-06-14,TSLA,178.00999450683594,2435,388
2024-06-17,AAPL,216.6699981689453,7870,389
2024-06-17,GOOGL,177.24000549316406,7254,390
2024-06-17,MSFT,448.3699951171875,8752,391
2024-06-17,TSLA,187.44000244140625,1010,392
2024-06-18,AAPL,214.2899932861328,230,393
2024-06-18,GOOGL,175.08999633789062,6657,394
2024-06-18,MSFT,,-999,395
2024-06-18,TSLA,184.86000061035156,2131,396
2024-06-20,AAPL,209.67999267578125,7888,397
2024-06-20,GOOGL,176.3000030517578,6571,398
2024-06-20,MSFT,445.70001220703125,3612,399
2024-06-20,TSLA,181.57000732421875,3081,400
2024-06-21,AAPL,207.49000549316406,1769,401
2024-06-21,GOOGL,179.6300048828125,6435,402
2024-06-21,MSFT,449.7799987792969,7480,403
2024-06-21,TSLA,183.00999450683594,4767,404
2024-06-24,AAPL,208.13999938964844,1464,405
2024-06-24,GOOGL,179.22000122070312,1866,406
2024-06-24,MSFT,447.6700134277344,3680,407
2024-06-24,TSLA,182.5800018310547,2904,408
2024-06-25,AAPL,209.07000732421875,7692,409
2024-06-25,GOOGL,184.02999877929688,6598,410
2024-06-25,MSFT,450.95001220703125,6017,411
2024-06-25,TSLA,,2716,412
2024-06-26,AAPL,213.25,4758,413
2024-06-26,GOOGL,183.8800048828125,550,414
2024-06-26,MSFT,452.1600036621094,3499,415
2024-06-26,TSLA,196.3699951171875,4520,416
2024-06-27,AAPL,214.10000610351562,1999,417
2024-06-27,GOOGL,185.41000366210938,1496,418
2024-06-27,MSFT,452.8500061035156,4667,419
2024-06-27,TSLA,197.4199981689453,2748,420
2024-06-28,AAPL,210.6199951171875,1439,421
2024-06-28,GOOGL,182.14999389648438,3719,422
2024-06-28,MSFT,446.95001220703125,8811,423
2024-06-28,TSLA,197.8800048828125,1248,424
2024-07-01,AAPL,216.75,8565,425
2024-07-01,GOOGL,182.99000549316406,9374,426
2024-07-01,MSFT,456.7300109863281,6842,427
2024-07-01,TSLA,209.86000061035156,8866,428
2024-07-02,AAPL,220.27000427246094,4282,429
2024-07-02,GOOGL,185.24000549316406,4989,430
2024-07-02,MSFT,459.2799987792969,9360,431
2024-07-02,TSLA,231.25999450683594,8521,432
2024-07-03,AAPL,221.5500030517578,7451,433
2024-07-03,GOOGL,185.82000732421875,7510,434
2024-07-03,MSFT,460.7699890136719,7339,435
2024-07-03,TSLA,246.38999938964844,6013,436
2024-07-05,AAPL,226.33999633789062,9950,437
2024-07-05,GOOGL,190.60000610351562,9063,438
2024-07-05,MSFT,,-999,439
2024-07-05,TSLA,251.52000427246094,2553,440
2024-07-08,AAPL,227.82000732421875,1697,441
2024-07-08,GOOGL,189.02999877929688,9261,442
2024-07-08,MSFT,466.239990234375,9425,443
2024-07-08,TSLA,252.94000244140625,3924,444
2024-07-09,AAPL,228.67999267578125,934,445
2024-07-09,GOOGL,188.97999572753906,6364,446
2024-07-09,MSFT,459.5400085449219,7720,447
2024-07-09,TSLA,262.3299865722656,3836,448
2024-07-10,AAPL,232.97999572753906,1289,449
2024-07-10,GOOGL,191.17999267578125,3542,450
2024-07-10,MSFT,466.25,4487,451
2024-07-10,TSLA,263.260009765625,5762,452
2024-07-11,AAPL,227.57000732421875,7344,453
2024-07-11,GOOGL,185.57000732421875,3759,454
2024-07-11,MSFT,454.70001220703125,5087,455
2024-07-11,TSLA,241.02999877929688,1007,456
2024-07-12,AAPL,230.5399932861328,7437,457
2024-07-12,GOOGL,185.07000732421875,8560,458
2024-07-12,MSFT,453.54998779296875,5028,459
2024-07-12,TSLA,248.22999572753906,1983,460
2024-07-15,AAPL,234.39999389648438,4324,461
2024-07-15,GOOGL,186.52999877929688,1890,462
2024-07-15,MSFT,453.9599914550781,4955,463
2024-07-15,TSLA,252.63999938964844,9359,464
2024-07-16,AAPL,234.82000732421875,9124,465
2024-07-16,GOOGL,183.9199981689453,6729,466
2024-07-16,MSFT,449.5199890136719,3710,467
2024-07-16,TSLA,256.55999755859375,3748,468
2024-07-17,AAPL,228.8800048828125,1823,469
2024-07-17,GOOGL,181.02000427246094,9327,470
2024-07-17,MSFT,443.5199890136719,8917,471
2024-07-17,TSLA,248.5,8692,472
2024-07-18,AAPL,224.17999267578125,1452,473
2024-07-18,GOOGL,177.69000244140625,3902,474
2024-07-18,MSFT,440.3699951171875,5003,475
2024-07-18,TSLA,249.22999572753906,1401,476
2024-07-19,AAPL,224.30999755859375,4498,477
2024-07-19,GOOGL,177.66000366210938,1467,478
2024-07-19,MSFT,,-999,479
2024-07-19,TSLA,239.1999969482422,4167,480
2024-07-22,AAPL,223.9600067138672,1487,481
2024-07-22,GOOGL,181.6699981689453,8651,482
2024-07-22,MSFT,442.94000244140625,4582,483
2024-07-22,TSLA,251.50999450683594,5471,484
2024-07-23,AAPL,225.00999450683594,9919,485
2024-07-23,GOOGL,181.7899932861328,213,486
2024-07-23,MSFT,,5877,487
2024-07-23,TSLA,246.3800048828125,2531,488
2024-07-24,AAPL,218.5399932861328,7806,489
2024-07-24,GOOGL,172.6300048828125,4953,490
2024-07-24,MSFT,428.8999938964844,5840,491
2024-07-24,TSLA,215.99000549316406,6665,492
2024-07-25,AAPL,217.49000549316406,824,493
2024-07-25,GOOGL,167.27999877929688,7835,494
2024-07-25,MSFT,,8873,495
2024-07-25,TSLA,,-999,496
2024-07-26,AAPL,217.9600067138672,1047,497
2024-07-26,GOOGL,167.0,9811,498
2024-07-26,MSFT,425.2699890136719,9240,499
2024-07-26,TSLA,219.8000030517578,7274,500
2024-07-29,AAPL,218.24000549316406,7852,501
2024-07-29,GOOGL,169.52999877929688,7684,502
2024-07-29,MSFT,426.7300109863281,1607,503
2024-07-29,TSLA,232.10000610351562,6627,504
2024-07-30,AAPL,218.8000030517578,1861,505
2024-07-30,GOOGL,170.2899932861328,5605,506
2024-07-30,MSFT,422.9200134277344,6306,507
2024-07-30,TSLA,222.6199951171875,2214,508
2024-07-31,AAPL,222.0800018310547,5889,509
2024-07-31,GOOGL,171.5399932861328,2341,510
2024-07-31,MSFT,418.3500061035156,2420,511
2024-07-31,TSLA,232.07000732421875,9160,512
2024-08-01,AAPL,218.36000061035156,993,513
2024-08-01,GOOGL,170.75999450683594,5933,514
2024-08-01,MSFT,417.1099853515625,7391,515
2024-08-01,TSLA,216.86000061035156,3849,516
2024-08-02,AAPL,219.86000061035156,1170,517
2024-08-02,GOOGL,166.66000366210938,6693,518
2024-08-02,MSFT,408.489990234375,751,519
2024-08-02,TSLA,,-999,520
2024-08-05,AAPL,209.27000427246094,1300,521
2024-08-05,GOOGL,159.25,110,522
2024-08-05,MSFT,395.1499938964844,7289,523
2024-08-05,TSLA,198.8800048828125,2274,524
2024-08-06,AAPL,207.22999572753906,3485,525
2024-08-06,GOOGL,158.2899932861328,4030,526
2024-08-06,MSFT,399.6099853515625,3275,527
2024-08-06,TSLA,200.63999938964844,8726,528
2024-08-07,AAPL,209.82000732421875,428,529
2024-08-07,GOOGL,158.94000244140625,9140,530
2024-08-07,MSFT,398.42999267578125,6756,531
2024-08-07,TSLA,191.75999450683594,1382,532
2024-08-08,AAPL,213.30999755859375,9590,533
2024-08-08,GOOGL,162.02999877929688,3021,534
2024-08-08,MSFT,402.69000244140625,5968,535
2024-08-08,TSLA,198.83999633789062,2532,536
2024-08-09,AAPL,216.24000549316406,7242,537
2024-08-09,GOOGL,163.6699981689453,8183,538
2024-08-09,MSFT,406.0199890136719,3493,539
2024-08-09,TSLA,200.0,2610,540
2024-08-12,AAPL,217.52999877929688,492,541
2024-08-12,GOOGL,162.2899932861328,2253,542
2024-08-12,MSFT,406.80999755859375,6998,543
2024-08-12,TSLA,197.49000549316406,1643,544
2024-08-13,AAPL,221.27000427246094,6882,545
2024-08-13,GOOGL,164.16000366210938,7743,546
2024-08-13,MSFT,414.010009765625,2346,547
2024-08-13,TSLA,207.8300018310547,3849,548
2024-08-14,AAPL,221.72000122070312,3299,549
2024-08-14,GOOGL,160.3699951171875,1273,550
2024-08-14,MSFT,416.8599853515625,5653,551
2024-08-14,TSLA,201.3800048828125,3826,552
2024-08-15,AAPL,,9240,553
2024-08-15,GOOGL,161.3000030517578,2613,554
2024-08-15,MSFT,421.0299987792969,9540,555
2024-08-15,TSLA,214.13999938964844,5404,556
2024-08-16,AAPL,226.0500030517578,9378,557
2024-08-16,GOOGL,162.9600067138672,5585,558
2024-08-16,MSFT,418.4700012207031,5403,559
2024-08-16,TSLA,216.1199951171875,7111,560
2024-08-19,AAPL,225.88999938964844,4286,561
2024-08-19,GOOGL,166.6699981689453,6319,562
2024-08-19,MSFT,421.5299987792969,9576,563
2024-08-19,TSLA,222.72000122070312,5735,564
2024-08-20,AAPL,226.50999450683594,2750,565
2024-08-20,GOOGL,167.17999267578125,4552,566
2024-08-20,MSFT,424.79998779296875,4793,567
2024-08-20,TSLA,221.10000610351562,1659,568
2024-08-21,AAPL,226.39999389648438,7177,569
2024-08-21,GOOGL,165.85000610351562,1682,570
2024-08-21,MSFT,424.1400146484375,4060,571
2024-08-21,TSLA,223.27000427246094,8720,572
2024-08-22,AAPL,224.52999877929688,7871,573
2024-08-22,GOOGL,163.8000030517578,9199,574
2024-08-22,MSFT,415.54998779296875,8611,575
2024-08-22,TSLA,210.66000366210938,480,576
2024-08-23,AAPL,226.83999633789062,1612,577
2024-08-23,GOOGL,165.6199951171875,8275,578
2024-08-23,MSFT,416.7900085449219,1694,579
2024-08-23,TSLA,,5476,580
2024-08-26,AAPL,227.17999267578125,8856,581
2024-08-26,GOOGL,166.16000366210938,3835,582
2024-08-26,MSFT,413.489990234375,883,583
2024-08-26,TSLA,213.2100067138672,5904,584
2024-08-27,AAPL,,9662,585
2024-08-27,GOOGL,,-999,586
2024-08-27,MSFT,413.8399963378906,9690,587
2024-08-27,TSLA,209.2100067138672,6448,588
2024-08-28,AAPL,226.49000549316406,5470,589
2024-08-28,GOOGL,162.85000610351562,6034,590
2024-08-28,MSFT,410.6000061035156,9176,591
2024-08-28,TSLA,205.75,2258,592
2024-08-29,AAPL,229.7899932861328,6483,593
2024-08-29,GOOGL,161.77999877929688,7950,594
2024-08-29,MSFT,413.1199951171875,6600,595
2024-08-29,TSLA,206.27999877929688,6407,596
2024-08-30,AAPL,,8770,597
2024-08-30,GOOGL,163.3800048828125,5970,598
2024-08-30,MSFT,417.1400146484375,7554,599
2024-08-30,TSLA,214.11000061035156,4169,600
2024-09-03,AAPL,222.77000427246094,5124,601
2024-09-03,GOOGL,157.36000061035156,4274,602
2024-09-03,MSFT,409.44000244140625,3716,603
2024-09-03,TSLA,210.60000610351562,1857,604
2024-09-04,AAPL,220.85000610351562,1027,605
2024-09-04,GOOGL,156.4499969482422,2280,606
2024-09-04,MSFT,408.8999938964844,8231,607
2024-09-04,TSLA,219.41000366210938,8214,608
2024-09-05,AAPL,222.3800048828125,3982,609
2024-09-05,GOOGL,157.24000549316406,8322,610
2024-09-05,MSFT,408.3900146484375,8878,611
2024-09-05,TSLA,230.1699981689453,6369,612
2024-09-06,AAPL,220.82000732421875,4741,613
2024-09-06,GOOGL,,6703,614
2024-09-06,MSFT,401.70001220703125,6979,615
2024-09-06,TSLA,210.72999572753906,4974,616
2024-09-09,AAPL,220.91000366210938,3950,617
2024-09-09,GOOGL,148.7100067138672,4571,618
2024-09-09,MSFT,405.7200012207031,1333,619
2024-09-09,TSLA,,-999,620
2024-09-10,AAPL,220.11000061035156,5106,621
2024-09-10,GOOGL,148.66000366210938,2040,622
2024-09-10,MSFT,414.20001220703125,7114,623
2024-09-10,TSLA,226.1699981689453,3948,624
2024-09-11,AAPL,222.66000366210938,4062,625
2024-09-11,GOOGL,151.16000366210938,8005,626
2024-09-11,MSFT,423.0400085449219,2141,627
2024-09-11,TSLA,228.1300048828125,3892,628
2024-09-12,AAPL,222.77000427246094,8444,629
2024-09-12,GOOGL,154.69000244140625,3688,630
2024-09-12,MSFT,427.0,6884,631
2024-09-12,TSLA,229.80999755859375,6756,632
2024-09-13,AAPL,222.5,9499,633
2024-09-13,GOOGL,157.4600067138672,2177,634
2024-09-13,MSFT,430.5899963378906,1179,635
2024-09-13,TSLA,230.2899932861328,472,636
2024-09-16,AAPL,216.32000732421875,5807,637
2024-09-16,GOOGL,,8262,638
2024-09-16,MSFT,431.3399963378906,8009,639
2024-09-16,TSLA,226.77999877929688,2091,640
2024-09-17,AAPL,216.7899932861328,4370,641
2024-09-17,GOOGL,159.32000732421875,7444,642
2024-09-17,MSFT,435.1499938964844,9205,643
2024-09-17,TSLA,227.8699951171875,2527,644
2024-09-18,AAPL,220.69000244140625,3970,645
2024-09-18,GOOGL,159.80999755859375,2996,646
2024-09-18,MSFT,430.80999755859375,7848,647
2024-09-18,TSLA,227.1999969482422,1134,648
2024-09-19,AAPL,228.8699951171875,853,649
2024-09-19,GOOGL,162.13999938964844,5398,650
2024-09-19,MSFT,438.69000244140625,2948,651
2024-09-19,TSLA,243.9199981689453,9133,652
2024-09-20,AAPL,228.1999969482422,6680,653
2024-09-20,GOOGL,163.58999633789062,4419,654
2024-09-20,MSFT,435.2699890136719,6441,655
2024-09-20,TSLA,238.25,7082,656
2024-09-23,AAPL,226.47000122070312,5944,657
2024-09-23,GOOGL,161.85000610351562,2166,658
2024-09-23,MSFT,433.510009765625,5683,659
2024-09-23,TSLA,250.0,5224,660
2024-09-24,AAPL,227.3699951171875,5357,661
2024-09-24,GOOGL,162.2899932861328,2286,662
2024-09-24,MSFT,429.1700134277344,7864,663
2024-09-24,TSLA,254.27000427246094,5822,664
2024-09-25,AAPL,226.3699951171875,4795,665
2024-09-25,GOOGL,161.49000549316406,3493,666
2024-09-25,MSFT,432.1099853515625,5426,667
2024-09-25,TSLA,257.0199890136719,8063,668
2024-09-26,AAPL,227.52000427246094,2026,669
2024-09-26,GOOGL,162.72999572753906,9836,670
2024-09-26,MSFT,431.30999755859375,4353,671
2024-09-26,TSLA,254.22000122070312,8636,672
2024-09-27,AAPL,227.7899932861328,6433,673
2024-09-27,GOOGL,163.9499969482422,7471,674
2024-09-27,MSFT,428.0199890136719,9380,675
2024-09-27,TSLA,260.4599914550781,1680,676
2024-09-30,AAPL,233.0,388,677
2024-09-30,GOOGL,165.85000610351562,7471,678
2024-09-30,MSFT,430.29998779296875,809,679
2024-09-30,TSLA,,7635,680
2024-10-01,AAPL,226.2100067138672,1502,681
2024-10-01,GOOGL,166.99000549316406,3107,682
2024-10-01,MSFT,420.69000244140625,9837,683
2024-10-01,TSLA,258.0199890136719,4069,684
2024-10-02,AAPL,226.77999877929688,8073,685
2024-10-02,GOOGL,165.86000061035156,6180,686
2024-10-02,MSFT,417.1300048828125,7995,687
2024-10-02,TSLA,249.02000427246094,9290,688
2024-10-03,AAPL,225.6699981689453,2182,689
2024-10-03,GOOGL,165.86000061035156,439,690
2024-10-03,MSFT,416.5400085449219,9395,691
2024-10-03,TSLA,240.66000366210938,1661,692
2024-10-04,AAPL,226.8000030517578,279,693
2024-10-04,GOOGL,167.05999755859375,3718,694
2024-10-04,MSFT,416.05999755859375,6873,695
2024-10-04,TSLA,250.0800018310547,2515,696
2024-10-07,AAPL,221.69000244140625,6760,697
2024-10-07,GOOGL,162.97999572753906,6684,698
2024-10-07,MSFT,409.5400085449219,1793,699
2024-10-07,TSLA,240.8300018310547,2903,700
2024-10-08,AAPL,225.77000427246094,6484,701
2024-10-08,GOOGL,164.3800048828125,8063,702
2024-10-08,MSFT,414.7099914550781,9865,703
2024-10-08,TSLA,244.5,5059,704
2024-10-09,AAPL,229.5399932861328,7771,705
2024-10-09,GOOGL,161.86000061035156,1020,706
2024-10-09,MSFT,417.4599914550781,4061,707
2024-10-09,TSLA,241.0500030517578,3474,708
2024-10-10,AAPL,229.0399932861328,7054,709
2024-10-10,GOOGL,162.0800018310547,9955,710
2024-10-10,MSFT,415.8399963378906,6472,711
2024-10-10,TSLA,238.77000427246094,7732,712
2024-10-11,AAPL,227.5500030517578,516,713
2024-10-11,GOOGL,163.24000549316406,2050,714
2024-10-11,MSFT,416.32000732421875,8057,715
2024-10-11,TSLA,217.8000030517578,6169,716
2024-10-14,AAPL,231.3000030517578,336,717
2024-10-14,GOOGL,164.9600067138672,2882,718
2024-10-14,MSFT,419.1400146484375,2935,719
2024-10-14,TSLA,219.16000366210938,6318,720
2024-10-15,AAPL,,5745,721
2024-10-15,GOOGL,,4269,722
2024-10-15,MSFT,418.739990234375,6215,723
2024-10-15,TSLA,219.57000732421875,9754,724
2024-10-16,AAPL,231.77999877929688,3777,725
2024-10-16,GOOGL,165.16000366210938,486,726
2024-10-16,MSFT,416.1199951171875,5904,727
2024-10-16,TSLA,221.3300018310547,9989,728
2024-10-17,AAPL,232.14999389648438,5329,729
2024-10-17,GOOGL,162.92999267578125,9559,730
2024-10-17,MSFT,416.7200012207031,6047,731
2024-10-17,TSLA,220.88999938964844,8256,732
2024-10-18,AAPL,235.0,9775,733
2024-10-18,GOOGL,,8631,734
2024-10-18,MSFT,418.1600036621094,8614,735
2024-10-18,TSLA,220.6999969482422,5169,736
2024-10-21,AAPL,,2460,737
2024-10-21,GOOGL,164.07000732421875,1919,738
2024-10-21,MSFT,418.7799987792969,521,739
2024-10-21,TSLA,218.85000610351562,1430,740
2024-10-22,AAPL,235.86000061035156,3667,741
2024-10-22,GOOGL,165.13999938964844,6930,742
2024-10-22,MSFT,427.510009765625,360,743
2024-10-22,TSLA,217.97000122070312,8328,744
2024-10-23,AAPL,230.75999450683594,6388,745
2024-10-23,GOOGL,162.77999877929688,2533,746
2024-10-23,MSFT,424.6000061035156,8642,747
2024-10-23,TSLA,213.64999389648438,5285,748
2024-10-24,AAPL,230.57000732421875,8382,749
2024-10-24,GOOGL,162.72000122070312,4701,750
2024-10-24,MSFT,424.7300109863281,9221,751
2024-10-24,TSLA,260.4800109863281,1883,752
2024-10-25,AAPL,231.41000366210938,9857,753
2024-10-25,GOOGL,165.27000427246094,4564,754
2024-10-25,MSFT,428.1499938964844,3850,755
2024-10-25,TSLA,269.19000244140625,1390,756
2024-10-28,AAPL,,6204,757
2024-10-28,GOOGL,166.72000122070312,6398,758
2024-10-28,MSFT,426.5899963378906,6315,759
2024-10-28,TSLA,262.510009765625,2612,760
2024-10-29,AAPL,233.6699981689453,6533,761
2024-10-29,GOOGL,169.67999267578125,4850,762
2024-10-29,MSFT,431.95001220703125,9144,763
2024-10-29,TSLA,259.5199890136719,1020,764
2024-10-30,AAPL,230.10000610351562,7292,765
2024-10-30,GOOGL,174.4600067138672,3241,766
2024-10-30,MSFT,432.5299987792969,598,767
2024-10-30,TSLA,257.54998779296875,683,768
2024-10-31,AAPL,225.91000366210938,3234,769
2024-10-31,GOOGL,171.11000061035156,2484,770
2024-10-31,MSFT,406.3500061035156,9338,771
2024-10-31,TSLA,249.85000610351562,8292,772
2024-11-01,AAPL,,-999,773
2024-11-01,GOOGL,171.2899932861328,3524,774
2024-11-01,MSFT,410.3699951171875,4090,775
2024-11-01,TSLA,248.97999572753906,4504,776
2024-11-04,AAPL,222.00999450683594,5520,777
2024-11-04,GOOGL,169.24000549316406,8695,778
2024-11-04,MSFT,408.4599914550781,5966,779
2024-11-04,TSLA,242.83999633789062,1429,780
2024-11-05,AAPL,223.4499969482422,548,781
2024-11-05,GOOGL,169.74000549316406,6507,782
2024-11-05,MSFT,411.4599914550781,1361,783
2024-11-05,TSLA,251.44000244140625,107,784
2024-11-06,AAPL,222.72000122070312,723,785
2024-11-06,GOOGL,176.50999450683594,3106,786
2024-11-06,MSFT,420.17999267578125,5745,787
2024-11-06,TSLA,,4720,788
2024-11-07,AAPL,227.47999572753906,1323,789
2024-11-07,GOOGL,180.75,1309,790
2024-11-07,MSFT,425.42999267578125,4872,791
2024-11-07,TSLA,296.9100036621094,1608,792
2024-11-08,AAPL,226.9600067138672,9527,793
2024-11-08,GOOGL,178.35000610351562,3264,794
2024-11-08,MSFT,422.5400085449219,1415,795
2024-11-08,TSLA,321.2200012207031,3912,796
2024-11-11,AAPL,224.22999572753906,5172,797
2024-11-11,GOOGL,180.35000610351562,6509,798
2024-11-11,MSFT,418.010009765625,2022,799
2024-11-11,TSLA,350.0,795,800
2024-11-12,AAPL,224.22999572753906,9103,801
2024-11-12,GOOGL,181.6199951171875,1754,802
2024-11-12,MSFT,423.0299987792969,4934,803
2024-11-12,TSLA,328.489990234375,6155,804
2024-11-13,AAPL,225.1199951171875,9945,805
2024-11-13,GOOGL,178.8800048828125,5388,806
2024-11-13,MSFT,425.20001220703125,463,807
2024-11-13,TSLA,330.239990234375,8910,808
2024-11-14,AAPL,228.22000122070312,5408,809
2024-11-14,GOOGL,175.5800018310547,1038,810
2024-11-14,MSFT,426.8900146484375,2587,811
2024-11-14,TSLA,311.17999267578125,1332,812
2024-11-15,AAPL,225.0,700,813
2024-11-15,GOOGL,172.49000549316406,789,814
2024-11-15,MSFT,415.0,6858,815
2024-11-15,TSLA,320.7200012207031,7900,816
2024-11-18,AAPL,228.02000427246094,4116,817
2024-11-18,GOOGL,175.3000030517578,5250,818
2024-11-18,MSFT,415.760009765625,9248,819
2024-11-18,TSLA,338.739990234375,101,820
2024-11-19,AAPL,228.27999877929688,7444,821
2024-11-19,GOOGL,178.1199951171875,3980,822
2024-11-19,MSFT,417.7900085449219,7429,823
2024-11-19,TSLA,346.0,5964,824
2024-11-20,AAPL,229.0,900,825
2024-11-20,GOOGL,175.97999572753906,5263,826
2024-11-20,MSFT,415.489990234375,8976,827
2024-11-20,TSLA,342.0299987792969,4663,828
2024-11-21,AAPL,228.52000427246094,933,829
2024-11-21,GOOGL,167.6300048828125,3578,830
2024-11-21,MSFT,412.8699951171875,4577,831
2024-11-21,TSLA,339.6400146484375,6685,832
2024-11-22,AAPL,229.8699951171875,6832,833
2024-11-22,GOOGL,164.75999450683594,2425,834
2024-11-22,MSFT,417.0,9415,835
2024-11-22,TSLA,352.55999755859375,3055,836
2024-11-25,AAPL,232.8699951171875,7113,837
2024-11-25,GOOGL,167.64999389648438,2672,838
2024-11-25,MSFT,418.7900085449219,7838,839
2024-11-25,TSLA,338.5899963378906,7697,840
2024-11-26,AAPL,235.05999755859375,7643,841
2024-11-26,GOOGL,169.1199951171875,3692,842
2024-11-26,MSFT,427.989990234375,2372,843
2024-11-26,TSLA,338.2300109863281,6216,844
2024-11-27,AAPL,234.92999267578125,6635,845
2024-11-27,GOOGL,169.22999572753906,7841,846
2024-11-27,MSFT,422.989990234375,3343,847
2024-11-27,TSLA,332.8900146484375,5108,848
2024-11-29,AAPL,237.3300018310547,2872,849
2024-11-29,GOOGL,,-999,850
2024-11-29,MSFT,423.4599914550781,7990,851
2024-11-29,TSLA,345.1600036621094,520,852
2024-12-02,AAPL,239.58999633789062,4063,853
2024-12-02,GOOGL,171.49000549316406,5342,854
2024-12-02,MSFT,430.9800109863281,9385,855
2024-12-02,TSLA,357.0899963378906,7254,856
2024-12-03,AAPL,242.64999389648438,6963,857
2024-12-03,GOOGL,171.33999633789062,1028,858
2024-12-03,MSFT,431.20001220703125,1423,859
2024-12-03,TSLA,351.4200134277344,7108,860
2024-12-04,AAPL,243.00999450683594,2844,861
2024-12-04,GOOGL,174.3699951171875,7213,862
2024-12-04,MSFT,437.4200134277344,3332,863
2024-12-04,TSLA,357.92999267578125,4967,864
2024-12-05,AAPL,243.0399932861328,8241,865
2024-12-05,GOOGL,172.63999938964844,757,866
2024-12-05,MSFT,442.6199951171875,5537,867
2024-12-05,TSLA,369.489990234375,397,868
2024-12-06,AAPL,242.83999633789062,3554,869
2024-12-06,GOOGL,174.7100067138672,5969,870
2024-12-06,MSFT,443.57000732421875,6403,871
2024-12-06,TSLA,389.2200012207031,6096,872
2024-12-09,AAPL,246.75,876,873
2024-12-09,GOOGL,175.3699951171875,5249,874
2024-12-09,MSFT,446.0199890136719,5639,875
2024-12-09,TSLA,389.7900085449219,7848,876
2024-12-10,AAPL,247.77000427246094,1613,877
2024-12-10,GOOGL,185.1699981689453,784,878
2024-12-10,MSFT,443.3299865722656,6232,879
2024-12-10,TSLA,400.989990234375,2958,880
2024-12-11,AAPL,246.49000549316406,2376,881
2024-12-11,GOOGL,195.39999389648438,9677,882
2024-12-11,MSFT,448.989990234375,2342,883
2024-12-11,TSLA,424.7699890136719,1017,884
2024-12-12,AAPL,247.9600067138672,9759,885
2024-12-12,GOOGL,191.9600067138672,5334,886
2024-12-12,MSFT,449.55999755859375,3403,887
2024-12-12,TSLA,418.1000061035156,9482,888
2024-12-13,AAPL,248.1300048828125,5932,889
2024-12-13,GOOGL,189.82000732421875,4152,890
2024-12-13,MSFT,447.2699890136719,7159,891
2024-12-13,TSLA,436.2300109863281,9508,892
2024-12-16,AAPL,251.0399932861328,7089,893
2024-12-16,GOOGL,196.66000366210938,1654,894
2024-12-16,MSFT,451.5899963378906,9786,895
2024-12-16,TSLA,463.0199890136719,8735,896
2024-12-17,AAPL,253.47999572753906,6724,897
2024-12-17,GOOGL,195.4199981689453,9574,898
2024-12-17,MSFT,454.4599914550781,4170,899
2024-12-17,TSLA,479.8599853515625,1770,900
2024-12-18,AAPL,248.0500030517578,5364,901
2024-12-18,GOOGL,188.39999389648438,1966,902
2024-12-18,MSFT,437.3900146484375,4118,903
2024-12-18,TSLA,440.1300048828125,6380,904
2024-12-19,AAPL,249.7899932861328,4110,905
2024-12-19,GOOGL,188.50999450683594,5148,906
2024-12-19,MSFT,437.0299987792969,160,907
2024-12-19,TSLA,436.1700134277344,8739,908
2024-12-20,AAPL,254.49000549316406,127,909
2024-12-20,GOOGL,,-999,910
2024-12-20,MSFT,436.6000061035156,4212,911
2024-12-20,TSLA,421.05999755859375,5986,912
2024-12-23,AAPL,255.27000427246094,1270,913
2024-12-23,GOOGL,194.6300048828125,164,914
2024-12-23,MSFT,435.25,9199,915
2024-12-23,TSLA,430.6000061035156,1038,916
2024-12-24,AAPL,258.20001220703125,5312,917
2024-12-24,GOOGL,196.11000061035156,255,918
2024-12-24,MSFT,439.3299865722656,2577,919
2024-12-24,TSLA,462.2799987792969,424,920
2024-12-26,AAPL,259.0199890136719,3433,921
2024-12-26,GOOGL,195.60000610351562,2319,922
2024-12-26,MSFT,438.1099853515625,2959,923
2024-12-26,TSLA,454.1300048828125,8994,924
2024-12-27,AAPL,255.58999633789062,5183,925
2024-12-27,GOOGL,192.75999450683594,3944,926
2024-12-27,MSFT,430.5299987792969,7637,927
2024-12-27,TSLA,431.6600036621094,8987,928
2024-12-30,AAPL,252.1999969482422,6616,929
2024-12-30,GOOGL,191.24000549316406,5014,930
2024-12-30,MSFT,424.8299865722656,6279,931
2024-12-30,TSLA,417.4100036621094,2386,932
2024-12-31,AAPL,250.4199981689453,788,933
2024-12-31,GOOGL,189.3000030517578,3013,934
2024-12-31,MSFT,421.5,9729,935
2024-12-31,TSLA,403.8399963378906,9291,936
2025-01-02,AAPL,243.85000610351562,3718,937
2025-01-02,GOOGL,,8643,938
2025-01-02,MSFT,418.5799865722656,9571,939
2025-01-02,TSLA,379.2799987792969,5149,940
2025-01-03,AAPL,,-999,941
2025-01-03,GOOGL,191.7899932861328,9844,942
2025-01-03,MSFT,423.3500061035156,3820,943
2025-01-03,TSLA,410.44000244140625,5375,944
2025-01-06,AAPL,245.0,5222,945
2025-01-06,GOOGL,196.8699951171875,1080,946
2025-01-06,MSFT,427.8500061035156,1846,947
2025-01-06,TSLA,411.04998779296875,7114,948
2025-01-07,AAPL,242.2100067138672,7559,949
2025-01-07,GOOGL,195.49000549316406,9822,950
2025-01-07,MSFT,422.3699951171875,4818,951
2025-01-07,TSLA,394.3599853515625,3326,952
2025-01-08,AAPL,242.6999969482422,9552,953
2025-01-08,GOOGL,193.9499969482422,1206,954
2025-01-08,MSFT,424.55999755859375,5710,955
2025-01-08,TSLA,394.94000244140625,9133,956
2025-01-10,AAPL,236.85000610351562,1309,957
2025-01-10,GOOGL,192.0399932861328,3611,958
2025-01-10,MSFT,418.95001220703125,4845,959
2025-01-10,TSLA,394.739990234375,4429,960
2025-01-13,AAPL,234.39999389648438,9450,961
2025-01-13,GOOGL,191.00999450683594,9712,962
2025-01-13,MSFT,417.19000244140625,3835,963
2025-01-13,TSLA,403.30999755859375,7135,964
2025-01-14,AAPL,,8776,965
2025-01-14,GOOGL,189.66000366210938,6931,966
2025-01-14,MSFT,,-999,967
2025-01-14,TSLA,396.3599853515625,3975,968
2025-01-15,AAPL,237.8699951171875,1534,969
2025-01-15,GOOGL,195.5500030517578,211,970
2025-01-15,MSFT,426.30999755859375,846,971
2025-01-15,TSLA,428.2200012207031,2588,972
2025-01-16,AAPL,228.25999450683594,2052,973
2025-01-16,GOOGL,192.91000366210938,8078,974
2025-01-16,MSFT,424.5799865722656,6422,975
2025-01-16,TSLA,413.82000732421875,3437,976
2025-01-17,AAPL,229.97999572753906,1099,977
2025-01-17,GOOGL,196.0,3454,978
2025-01-17,MSFT,429.0299987792969,8393,979
2025-01-17,TSLA,426.5,6768,980
2025-01-21,AAPL,222.63999938964844,4617,981
2025-01-21,GOOGL,198.0500030517578,6041,982
2025-01-21,MSFT,428.5,7000,983
2025-01-21,TSLA,424.07000732421875,5684,984
2025-01-22,AAPL,223.8300018310547,495,985
2025-01-22,GOOGL,198.3699951171875,9633,986
2025-01-22,MSFT,446.20001220703125,4268,987
2025-01-22,TSLA,415.1099853515625,8164,988
2025-01-23,AAPL,,2959,989
2025-01-23,GOOGL,197.97999572753906,5760,990
2025-01-23,MSFT,446.7099914550781,3383,991
2025-01-23,TSLA,412.3800048828125,7445,992
2025-01-24,AAPL,222.77999877929688,4685,993
2025-01-24,GOOGL,200.2100067138672,8392,994
2025-01-24,MSFT,,5854,995
2025-01-24,TSLA,406.5799865722656,1454,996
2025-01-27,AAPL,229.86000061035156,8764,997
2025-01-27,GOOGL,191.80999755859375,8889,998
2025-01-27,MSFT,,2154,999
2025-01-27,TSLA,397.1499938964844,7024,1000
2025-01-28,AAPL,238.25999450683594,5055,1001
2025-01-28,GOOGL,195.3000030517578,7077,1002
2025-01-28,MSFT,447.20001220703125,3288,1003
2025-01-28,TSLA,398.0899963378906,6146,1004
2025-01-29,AAPL,239.36000061035156,3328,1005
2025-01-29,GOOGL,195.41000366210938,4265,1006
2025-01-29,MSFT,442.3299865722656,6484,1007
2025-01-29,TSLA,389.1000061035156,8335,1008
2025-01-30,AAPL,237.58999633789062,6580,1009
2025-01-30,GOOGL,200.8699951171875,8763,1010
2025-01-30,MSFT,414.989990234375,2029,1011
2025-01-30,TSLA,400.2799987792969,1646,1012
2025-01-31,AAPL,236.0,1794,1013
2025-01-31,GOOGL,204.02000427246094,3417,1014
2025-01-31,MSFT,415.05999755859375,9923,1015
2025-01-31,TSLA,404.6000061035156,5344,1016
2025-02-03,AAPL,228.00999450683594,3894,1017
2025-02-03,GOOGL,201.22999572753906,167,1018
2025-02-03,MSFT,410.9200134277344,8875,1019
2025-02-03,TSLA,383.67999267578125,514,1020
2025-02-04,AAPL,232.8000030517578,4712,1021
2025-02-04,GOOGL,206.3800048828125,6084,1022
2025-02-04,MSFT,412.3699951171875,2429,1023
2025-02-04,TSLA,392.2099914550781,5090,1024
2025-02-05,AAPL,232.47000122070312,8095,1025
2025-02-05,GOOGL,191.3300018310547,5830,1026
2025-02-05,MSFT,413.2900085449219,7369,1027
2025-02-05,TSLA,378.1700134277344,9611,1028
2025-02-06,AAPL,233.22000122070312,1441,1029
2025-02-06,GOOGL,191.60000610351562,5824,1030
2025-02-06,MSFT,415.82000732421875,3365,1031
2025-02-06,TSLA,374.32000732421875,9908,1032
2025-02-07,AAPL,227.6300048828125,3183,1033
2025-02-07,GOOGL,185.33999633789062,8677,1034
2025-02-07,MSFT,409.75,7640,1035
2025-02-07,TSLA,361.6199951171875,3567,1036
2025-02-10,AAPL,227.64999389648438,2173,1037
2025-02-10,GOOGL,186.47000122070312,5442,1038
2025-02-10,MSFT,412.2200012207031,2712,1039
2025-02-10,TSLA,350.7300109863281,2376,1040
2025-02-11,AAPL,232.6199951171875,2757,1041
2025-02-11,GOOGL,185.32000732421875,635,1042
2025-02-11,MSFT,411.44000244140625,6974,1043
2025-02-11,TSLA,328.5,6933,1044
2025-02-12,AAPL,236.8699951171875,7232,1045
2025-02-12,GOOGL,183.61000061035156,4983,1046
2025-02-12,MSFT,409.0400085449219,9727,1047
2025-02-12,TSLA,336.510009765625,2449,1048
2025-02-13,AAPL,241.52999877929688,8022,1049
2025-02-13,GOOGL,186.13999938964844,6685,1050
2025-02-13,MSFT,410.5400085449219,8533,1051
2025-02-13,TSLA,355.94000244140625,3840,1052
2025-02-14,AAPL,244.60000610351562,4004,1053
2025-02-14,GOOGL,185.22999572753906,7710,1054
2025-02-14,MSFT,408.42999267578125,2061,1055
2025-02-14,TSLA,355.8399963378906,4683,1056
2025-02-18,AAPL,244.47000122070312,9987,1057
2025-02-18,GOOGL,183.77000427246094,8377,1058
2025-02-18,MSFT,409.6400146484375,8968,1059
2025-02-18,TSLA,354.1099853515625,1831,1060
2025-02-19,AAPL,244.8699951171875,8600,1061
2025-02-19,GOOGL,185.27000427246094,934,1062
2025-02-19,MSFT,414.7699890136719,7920,1063
2025-02-19,TSLA,360.55999755859375,6968,1064
2025-02-20,AAPL,245.8300018310547,6005,1065
2025-02-20,GOOGL,184.55999755859375,2449,1066
2025-02-20,MSFT,416.1300048828125,2145,1067
2025-02-20,TSLA,354.3999938964844,8580,1068
2025-02-21,AAPL,245.5500030517578,6061,1069
2025-02-21,GOOGL,179.66000366210938,9360,1070
2025-02-21,MSFT,408.2099914550781,3865,1071
2025-02-21,TSLA,337.79998779296875,1792,1072
2025-02-24,AAPL,247.10000610351562,7957,1073
2025-02-24,GOOGL,179.25,3371,1074
2025-02-24,MSFT,404.0,2124,1075
2025-02-24,TSLA,330.5299987792969,5462,1076
2025-02-25,AAPL,247.0399932861328,8805,1077
2025-02-25,GOOGL,175.4199981689453,4912,1078
2025-02-25,MSFT,397.8999938964844,6637,1079
2025-02-25,TSLA,302.79998779296875,684,1080
2025-02-26,AAPL,,5456,1081
2025-02-26,GOOGL,172.72999572753906,4641,1082
2025-02-26,MSFT,399.7300109863281,8859,1083
2025-02-26,TSLA,290.79998779296875,7317,1084
2025-02-27,AAPL,237.3000030517578,4483,1085
2025-02-27,GOOGL,,-999,1086
2025-02-27,MSFT,392.5299987792969,4600,1087
2025-02-27,TSLA,281.95001220703125,7857,1088
2025-02-28,AAPL,241.83999633789062,5331,1089
2025-02-28,GOOGL,,2912,1090
2025-02-28,MSFT,396.989990234375,4473,1091
2025-02-28,TSLA,292.9800109863281,4702,1092
2025-03-03,AAPL,238.02999877929688,7824,1093
2025-03-03,GOOGL,167.00999450683594,5568,1094
2025-03-03,MSFT,388.489990234375,4624,1095
2025-03-03,TSLA,284.6499938964844,2704,1096
2025-03-04,AAPL,235.92999267578125,8023,1097
2025-03-04,GOOGL,170.9199981689453,4163,1098
2025-03-04,MSFT,388.6099853515625,4431,1099
2025-03-04,TSLA,272.0400085449219,2473,1100
2025-03-05,AAPL,235.74000549316406,2041,1101
2025-03-05,GOOGL,173.02000427246094,4266,1102
2025-03-05,MSFT,401.0199890136719,267,1103
2025-03-05,TSLA,279.1000061035156,8321,1104
2025-03-06,AAPL,235.3300018310547,8577,1105
2025-03-06,GOOGL,,2873,1106
2025-03-06,MSFT,396.8900146484375,553,1107
2025-03-06,TSLA,263.45001220703125,1324,1108
2025-03-07,AAPL,239.07000732421875,2178,1109
2025-03-07,GOOGL,173.86000061035156,6746,1110
2025-03-07,MSFT,393.30999755859375,6428,1111
2025-03-07,TSLA,262.6700134277344,7602,1112
2025-03-10,AAPL,227.47999572753906,2732,1113
2025-03-10,GOOGL,165.8699951171875,6863,1114
2025-03-10,MSFT,380.1600036621094,7486,1115
2025-03-10,TSLA,222.14999389648438,3321,1116
2025-03-11,AAPL,220.83999633789062,8535,1117
2025-03-11,GOOGL,164.0399932861328,4574,1118
2025-03-11,MSFT,,-999,1119
2025-03-11,TSLA,230.5800018310547,8975,1120
2025-03-12,AAPL,,-999,1121
2025-03-12,GOOGL,167.11000061035156,4399,1122
2025-03-12,MSFT,383.2699890136719,3733,1123
2025-03-12,TSLA,248.08999633789062,3346,1124
2025-03-13,AAPL,209.67999267578125,2313,1125
2025-03-13,GOOGL,162.75999450683594,2715,1126
2025-03-13,MSFT,378.7699890136719,2456,1127
2025-03-13,TSLA,240.67999267578125,1588,1128
2025-03-14,AAPL,213.49000549316406,3078,1129
2025-03-14,GOOGL,165.49000549316406,7895,1130
2025-03-14,MSFT,388.55999755859375,5613,1131
2025-03-14,TSLA,249.97999572753906,3916,1132
2025-03-17,AAPL,214.0,4664,1133
2025-03-17,GOOGL,164.2899932861328,6932,1134
2025-03-17,MSFT,,7999,1135
2025-03-17,TSLA,238.00999450683594,4366,1136
2025-03-18,AAPL,212.69000244140625,2365,1137
2025-03-18,GOOGL,160.6699981689453,1757,1138
2025-03-18,MSFT,383.5199890136719,1099,1139
2025-03-18,TSLA,225.30999755859375,5516,1140
2025-03-19,AAPL,215.24000549316406,2223,1141
2025-03-19,GOOGL,163.88999938964844,3286,1142
2025-03-19,MSFT,387.82000732421875,9729,1143
2025-03-19,TSLA,235.86000061035156,9212,1144
2025-03-20,AAPL,214.10000610351562,2538,1145
2025-03-20,GOOGL,162.8000030517578,1312,1146
2025-03-20,MSFT,386.8399963378906,2791,1147
2025-03-20,TSLA,236.25999450683594,8796,1148
2025-03-21,AAPL,218.27000427246094,2440,1149
2025-03-21,GOOGL,163.99000549316406,840,1150
2025-03-21,MSFT,391.260009765625,2876,1151
2025-03-21,TSLA,248.7100067138672,9911,1152
2025-03-24,AAPL,220.72999572753906,6199,1153
2025-03-24,GOOGL,167.67999267578125,6634,1154
2025-03-24,MSFT,393.0799865722656,7752,1155
2025-03-24,TSLA,278.3900146484375,2604,1156
2025-03-25,AAPL,223.75,1406,1157
2025-03-25,GOOGL,170.55999755859375,6675,1158
2025-03-25,MSFT,395.1600036621094,2210,1159
2025-03-25,TSLA,288.1400146484375,5513,1160
2025-03-26,AAPL,221.52999877929688,8837,1161
2025-03-26,GOOGL,165.05999755859375,9560,1162
2025-03-26,MSFT,389.9700012207031,4978,1163
2025-03-26,TSLA,272.05999755859375,6728,1164
2025-03-27,AAPL,223.85000610351562,1785,1165
2025-03-27,GOOGL,162.24000549316406,879,1166
2025-03-27,MSFT,390.5799865722656,3425,1167
2025-03-27,TSLA,273.1300048828125,9295,1168
2025-03-28,AAPL,217.89999389648438,9832,1169
2025-03-28,GOOGL,154.3300018310547,7876,1170
2025-03-28,MSFT,378.79998779296875,4438,1171
2025-03-28,TSLA,263.54998779296875,1966,1172
2025-03-31,AAPL,222.1300048828125,6388,1173
2025-03-31,GOOGL,154.63999938964844,7849,1174
2025-03-31,MSFT,375.3900146484375,6106,1175
2025-03-31,TSLA,,7776,1176
2025-04-01,AAPL,223.19000244140625,6402,1177
2025-04-01,GOOGL,157.07000732421875,9697,1178
2025-04-01,MSFT,382.19000244140625,6107,1179
2025-04-01,TSLA,268.4599914550781,5211,1180
2025-04-02,AAPL,223.88999938964844,6183,1181
2025-04-02,GOOGL,157.0399932861328,4614,1182
2025-04-02,MSFT,382.1400146484375,2252,1183
2025-04-02,TSLA,282.760009765625,522,1184
2025-04-03,AAPL,203.19000244140625,9221,1185
2025-04-03,GOOGL,150.72000122070312,9464,1186
2025-04-03,MSFT,373.1099853515625,6423,1187
2025-04-03,TSLA,267.2799987792969,742,1188
2025-04-04,AAPL,188.3800048828125,9467,1189
2025-04-04,GOOGL,145.60000610351562,2251,1190
2025-04-04,MSFT,359.8399963378906,2230,1191
2025-04-04,TSLA,239.42999267578125,792,1192
2025-04-07,AAPL,,4933,1193
2025-04-07,GOOGL,146.75,3042,1194
2025-04-07,MSFT,357.8599853515625,3923,1195
2025-04-07,TSLA,233.2899932861328,7855,1196
2025-04-08,AAPL,172.4199981689453,1582,1197
2025-04-08,GOOGL,144.6999969482422,4524,1198
2025-04-08,MSFT,354.55999755859375,6842,1199
2025-04-08,TSLA,221.86000061035156,6422,1200
2025-04-09,AAPL,198.85000610351562,8505,1201
2025-04-09,GOOGL,158.7100067138672,8691,1202
2025-04-09,MSFT,390.489990234375,3245,1203
2025-04-09,TSLA,272.20001220703125,7615,1204
2025-04-10,AAPL,190.4199981689453,9782,1205
2025-04-10,GOOGL,152.82000732421875,2708,1206
2025-04-10,MSFT,381.3500061035156,4485,1207
2025-04-10,TSLA,252.39999389648438,602,1208
2025-04-11,AAPL,198.14999389648438,5352,1209
2025-04-11,GOOGL,157.13999938964844,1717,1210
2025-04-11,MSFT,388.45001220703125,9689,1211
2025-04-11,TSLA,252.30999755859375,2472,1212
2025-04-14,AAPL,202.52000427246094,1592,1213
2025-04-14,GOOGL,159.07000732421875,589,1214
2025-04-14,MSFT,387.80999755859375,6708,1215
2025-04-14,TSLA,252.35000610351562,6080,1216
2025-04-15,AAPL,202.13999938964844,1905,1217
2025-04-15,GOOGL,156.30999755859375,3714,1218
2025-04-15,MSFT,385.7300109863281,9766,1219
2025-04-15,TSLA,254.11000061035156,4377,1220
2025-04-16,AAPL,,1289,1221
2025-04-16,GOOGL,153.3300018310547,6806,1222
2025-04-16,MSFT,371.6099853515625,5860,1223
2025-04-16,TSLA,241.5500030517578,1027,1224
2025-04-17,AAPL,196.97999572753906,3461,1225
2025-04-17,GOOGL,,-999,1226
2025-04-17,MSFT,367.7799987792969,8990,1227
2025-04-17,TSLA,241.3699951171875,271,1228
2025-04-21,AAPL,193.16000366210938,5599,1229
2025-04-21,GOOGL,147.6699981689453,1299,1230
2025-04-21,MSFT,359.1199951171875,9370,1231
2025-04-21,TSLA,227.5,5100,1232
2025-04-22,AAPL,199.74000549316406,4202,1233
2025-04-22,GOOGL,151.47000122070312,8721,1234
2025-04-22,MSFT,366.82000732421875,6324,1235
2025-04-22,TSLA,237.97000122070312,1096,1236
2025-04-23,AAPL,204.60000610351562,574,1237
2025-04-23,GOOGL,155.35000610351562,3660,1238
2025-04-23,MSFT,374.3900146484375,6125,1239
2025-04-23,TSLA,250.74000549316406,9367,1240
2025-04-24,AAPL,208.3699951171875,1258,1241
2025-04-24,GOOGL,159.27999877929688,9316,1242
2025-04-24,MSFT,387.29998779296875,1647,1243
2025-04-24,TSLA,259.510009765625,626,1244
2025-04-25,AAPL,209.27999877929688,4386,1245
2025-04-25,GOOGL,161.9600067138672,6422,1246
2025-04-25,MSFT,391.8500061035156,9321,1247
2025-04-25,TSLA,284.95001220703125,2207,1248
2025-04-28,AAPL,210.13999938964844,1845,1249
2025-04-28,GOOGL,160.61000061035156,6870,1250
2025-04-28,MSFT,391.1600036621094,3287,1251
2025-04-28,TSLA,285.8800048828125,8538,1252
2025-04-29,AAPL,211.2100067138672,3983,1253
2025-04-29,GOOGL,160.16000366210938,5264,1254
2025-04-29,MSFT,394.0400085449219,1422,1255
2025-04-29,TSLA,292.0299987792969,1873,1256
2025-04-30,AAPL,212.5,2800,1257
2025-04-30,GOOGL,158.8000030517578,5511,1258
2025-04-30,MSFT,395.260009765625,6570,1259
2025-04-30,TSLA,,-999,1260
2025-05-01,AAPL,213.32000732421875,7750,1261
2025-05-01,GOOGL,161.3000030517578,5909,1262
2025-05-01,MSFT,425.3999938964844,9034,1263
2025-05-01,TSLA,280.5199890136719,1584,1264
2025-05-02,AAPL,205.35000610351562,1265,1265
2025-05-02,GOOGL,164.02999877929688,8885,1266
2025-05-02,MSFT,435.2799987792969,3779,1267
2025-05-02,TSLA,287.2099914550781,730,1268
2025-05-05,AAPL,198.88999938964844,4425,1269
2025-05-05,GOOGL,164.2100067138672,103,1270
2025-05-05,MSFT,436.1700134277344,8950,1271
2025-05-05,TSLA,280.260009765625,5451,1272
2025-05-06,AAPL,198.50999450683594,6998,1273
2025-05-06,GOOGL,163.22999572753906,1333,1274
2025-05-06,MSFT,433.30999755859375,8478,1275
2025-05-06,TSLA,275.3500061035156,5865,1276
2025-05-07,AAPL,196.25,5971,1277
2025-05-07,GOOGL,151.3800048828125,6037,1278
2025-05-07,MSFT,433.3500061035156,9681,1279
2025-05-07,TSLA,276.2200012207031,1803,1280
2025-05-08,AAPL,197.49000549316406,6465,1281
2025-05-08,GOOGL,154.27999877929688,1417,1282
2025-05-08,MSFT,438.1700134277344,9829,1283
2025-05-08,TSLA,284.82000732421875,8040,1284
2025-05-09,AAPL,,-999,1285
2025-05-09,GOOGL,152.75,9767,1286
2025-05-09,MSFT,438.7300109863281,3733,1287
2025-05-09,TSLA,298.260009765625,7761,1288
2025-05-12,AAPL,210.7899932861328,1017,1289
2025-05-12,GOOGL,158.4600067138672,4822,1290
2025-05-12,MSFT,449.260009765625,6836,1291
2025-05-12,TSLA,318.3800048828125,1269,1292
2025-05-13,AAPL,212.92999267578125,3498,1293
2025-05-13,GOOGL,159.52999877929688,6329,1294
2025-05-13,MSFT,449.1400146484375,6862,1295
2025-05-13,TSLA,334.07000732421875,5606,1296
2025-05-14,AAPL,212.3300018310547,345,1297
2025-05-14,GOOGL,165.3699951171875,7637,1298
2025-05-14,MSFT,452.94000244140625,9952,1299
2025-05-14,TSLA,347.67999267578125,5682,1300
2025-05-15,AAPL,211.4499969482422,4571,1301
2025-05-15,GOOGL,163.9600067138672,8949,1302
2025-05-15,MSFT,453.1300048828125,465,1303
2025-05-15,TSLA,342.82000732421875,8240,1304
2025-05-16,AAPL,211.25999450683594,3487,1305
2025-05-16,GOOGL,166.19000244140625,3744,1306
2025-05-16,MSFT,454.2699890136719,7675,1307
2025-05-16,TSLA,349.9800109863281,8190,1308
2025-05-19,AAPL,208.77999877929688,9737,1309
2025-05-19,GOOGL,166.5399932861328,3084,1310
2025-05-19,MSFT,458.8699951171875,7499,1311
2025-05-19,TSLA,342.0899963378906,2118,1312
2025-05-20,AAPL,206.86000061035156,4932,1313
2025-05-20,GOOGL,,9973,1314
2025-05-20,MSFT,458.1700134277344,3177,1315
2025-05-20,TSLA,343.82000732421875,8362,1316
2025-05-21,AAPL,202.08999633789062,2874,1317
2025-05-21,GOOGL,168.55999755859375,4187,1318
2025-05-21,MSFT,452.57000732421875,7390,1319
2025-05-21,TSLA,334.6199951171875,2370,1320
2025-05-22,AAPL,201.36000061035156,8146,1321
2025-05-22,GOOGL,170.8699951171875,2457,1322
2025-05-22,MSFT,454.8599853515625,6430,1323
2025-05-22,TSLA,341.0400085449219,8722,1324
2025-05-23,AAPL,195.27000427246094,3829,1325
2025-05-23,GOOGL,168.47000122070312,2691,1326
2025-05-23,MSFT,450.17999267578125,4858,1327
2025-05-23,TSLA,339.3399963378906,3318,1328
2025-05-27,AAPL,200.2100067138672,5501,1329
2025-05-27,GOOGL,172.89999389648438,131,1330
2025-05-27,MSFT,460.69000244140625,259,1331
2025-05-27,TSLA,362.8900146484375,7295,1332
2025-05-28,AAPL,200.4199981689453,2416,1333
2025-05-28,GOOGL,172.36000061035156,2726,1334
2025-05-28,MSFT,457.3599853515625,6936,1335
2025-05-28,TSLA,356.8999938964844,5080,1336
2025-05-29,AAPL,199.9499969482422,9261,1337
2025-05-29,GOOGL,171.86000061035156,1475,1338
2025-05-29,MSFT,458.67999267578125,3416,1339
2025-05-29,TSLA,358.42999267578125,8589,1340
2025-05-30,AAPL,,-999,1341
2025-05-30,GOOGL,171.74000549316406,8825,1342
2025-05-30,MSFT,460.3599853515625,3365,1343
2025-05-30,TSLA,346.4599914550781,7910,1344
2025-06-02,AAPL,201.6999969482422,8489,1345
2025-06-02,GOOGL,169.02999877929688,6836,1346
2025-06-02,MSFT,461.9700012207031,5823,1347
2025-06-02,TSLA,342.69000244140625,3237,1348
2025-06-03,AAPL,203.27000427246094,2126,1349
2025-06-03,GOOGL,166.17999267578125,6799,1350
2025-06-03,MSFT,462.9700012207031,4194,1351
2025-06-03,TSLA,344.2699890136719,3688,1352
2025-06-04,AAPL,,3048,1353
2025-06-04,GOOGL,168.0500030517578,9628,1354
2025-06-04,MSFT,463.8699951171875,4406,1355
2025-06-04,TSLA,332.04998779296875,3894,1356
2025-06-05,AAPL,200.6300048828125,1159,1357
2025-06-05,GOOGL,168.2100067138672,7677,1358
2025-06-05,MSFT,467.67999267578125,5014,1359
2025-06-05,TSLA,284.70001220703125,3812,1360
2025-06-06,AAPL,203.9199981689453,8833,1361
2025-06-06,GOOGL,173.67999267578125,1678,1362
2025-06-06,MSFT,470.3800048828125,2793,1363
2025-06-06,TSLA,295.1400146484375,1714,1364
2025-06-09,AAPL,201.4499969482422,6532,1365
2025-06-09,GOOGL,176.08999633789062,7942,1366
2025-06-09,MSFT,472.75,5117,1367
2025-06-09,TSLA,308.5799865722656,1040,1368
2025-06-10,AAPL,202.6699981689453,8747,1369
2025-06-10,GOOGL,178.60000610351562,2236,1370
2025-06-10,MSFT,470.9200134277344,4274,1371
2025-06-10,TSLA,326.0899963378906,3689,1372
2025-06-11,AAPL,198.77999877929688,2613,1373
2025-06-11,GOOGL,177.35000610351562,6946,1374
2025-06-11,MSFT,472.6199951171875,9643,1375
2025-06-11,TSLA,326.42999267578125,5685,1376
2025-06-12,AAPL,199.1999969482422,2041,1377
2025-06-12,GOOGL,175.6999969482422,227,1378
2025-06-12,MSFT,478.8699951171875,784,1379
2025-06-12,TSLA,319.1099853515625,8284,1380
2025-06-13,AAPL,196.4499969482422,7859,1381
2025-06-13,GOOGL,174.6699981689453,2682,1382
2025-06-13,MSFT,474.9599914550781,4615,1383
2025-06-13,TSLA,,-999,1384
2025-06-16,AAPL,198.4199981689453,8001,1385
2025-06-16,GOOGL,176.77000427246094,5914,1386
2025-06-16,MSFT,479.1400146484375,2787,1387
2025-06-16,TSLA,329.1300048828125,3183,1388
2025-06-17,AAPL,195.63999938964844,466,1389
2025-06-17,GOOGL,175.9499969482422,5839,1390
2025-06-17,MSFT,478.0400085449219,7538,1391
2025-06-17,TSLA,316.3500061035156,9846,1392
2025-06-18,AAPL,196.5800018310547,8546,1393
2025-06-18,GOOGL,173.32000732421875,6691,1394
2025-06-18,MSFT,480.239990234375,9504,1395
2025-06-18,TSLA,322.04998779296875,7958,1396
2025-06-20,AAPL,201.0,2015,1397
2025-06-20,GOOGL,166.63999938964844,1851,1398
2025-06-20,MSFT,477.3999938964844,2312,1399
2025-06-20,TSLA,322.1600036621094,7899,1400
2025-06-23,AAPL,201.5,8597,1401
2025-06-23,GOOGL,165.19000244140625,5496,1402
2025-06-23,MSFT,486.0,9626,1403
2025-06-23,TSLA,348.67999267578125,2489,1404
2025-06-24,AAPL,200.3000030517578,2629,1405
2025-06-24,GOOGL,166.77000427246094,5657,1406
2025-06-24,MSFT,490.1099853515625,8060,1407
2025-06-24,TSLA,,-999,1408
2025-06-25,AAPL,201.55999755859375,8604,1409
2025-06-25,GOOGL,170.67999267578125,5907,1410
2025-06-25,MSFT,492.2699890136719,7078,1411
2025-06-25,TSLA,327.54998779296875,1953,1412
2025-06-26,AAPL,201.0,4691,1413
2025-06-26,GOOGL,173.5399932861328,1408,1414
2025-06-26,MSFT,497.45001220703125,4718,1415
2025-06-26,TSLA,325.7799987792969,5291,1416
2025-06-27,AAPL,201.0800018310547,4382,1417
2025-06-27,GOOGL,,-999,1418
2025-06-27,MSFT,495.94000244140625,6831,1419
2025-06-27,TSLA,323.6300048828125,4165,1420
2025-06-30,AAPL,205.1699981689453,546,1421
2025-06-30,GOOGL,176.22999572753906,7503,1422
2025-06-30,MSFT,497.4100036621094,4219,1423
2025-06-30,TSLA,317.6600036621094,7726,1424
2025-07-01,AAPL,207.82000732421875,612,1425
2025-07-01,GOOGL,175.83999633789062,1911,1426
2025-07-01,MSFT,492.04998779296875,5819,1427
2025-07-01,TSLA,300.7099914550781,895,1428
2025-07-02,AAPL,212.44000244140625,408,1429
2025-07-02,GOOGL,178.63999938964844,4699,1430
2025-07-02,MSFT,491.0899963378906,5460,1431
2025-07-02,TSLA,315.6499938964844,5612,1432
2025-07-03,AAPL,213.5500030517578,293,1433
2025-07-03,GOOGL,,9234,1434
2025-07-03,MSFT,498.8399963378906,6043,1435
2025-07-03,TSLA,315.3500061035156,3157,1436
2025-07-07,AAPL,,2807,1437
2025-07-07,GOOGL,176.7899932861328,5379,1438
2025-07-07,MSFT,497.7200012207031,6774,1439
2025-07-07,TSLA,293.94000244140625,747,1440
2025-07-08,AAPL,210.00999450683594,9224,1441
2025-07-08,GOOGL,174.36000061035156,7119,1442
2025-07-08,MSFT,496.6199951171875,709,1443
2025-07-08,TSLA,297.80999755859375,1305,1444
2025-07-09,AAPL,211.13999938964844,938,1445
2025-07-09,GOOGL,176.6199951171875,2879,1446
2025-07-09,MSFT,503.510009765625,2504,1447
2025-07-09,TSLA,295.8800048828125,7876,1448
2025-07-10,AAPL,212.41000366210938,6281,1449
2025-07-10,GOOGL,177.6199951171875,2351,1450
2025-07-10,MSFT,501.4800109863281,4525,1451
2025-07-10,TSLA,309.8699951171875,3955,1452
2025-07-11,AAPL,211.16000366210938,4754,1453
2025-07-11,GOOGL,180.19000244140625,4156,1454
2025-07-11,MSFT,503.32000732421875,4883,1455
2025-07-11,TSLA,313.510009765625,8922,1456
2025-07-14,AAPL,208.6199951171875,7595,1457
2025-07-14,GOOGL,181.55999755859375,2120,1458
2025-07-14,MSFT,503.0199890136719,7779,1459
2025-07-14,TSLA,316.8999938964844,1013,1460
2025-07-15,AAPL,209.11000061035156,5255,1461
2025-07-15,GOOGL,182.0,6902,1462
2025-07-15,MSFT,505.82000732421875,1156,1463
2025-07-15,TSLA,310.7799987792969,2123,1464
2025-07-16,AAPL,210.16000366210938,6550,1465
2025-07-16,GOOGL,182.97000122070312,2976,1466
2025-07-16,MSFT,505.6199951171875,4272,1467
2025-07-16,TSLA,321.6700134277344,7652,1468
2025-07-17,AAPL,210.02000427246094,1305,1469
2025-07-17,GOOGL,183.5800018310547,7439,1470
2025-07-17,MSFT,511.70001220703125,6147,1471
2025-07-17,TSLA,319.4100036621094,616,1472
2025-07-18,AAPL,211.17999267578125,8958,1473
2025-07-18,GOOGL,185.05999755859375,8394,1474
2025-07-18,MSFT,510.04998779296875,6069,1475
2025-07-18,TSLA,329.6499938964844,1837,1476
2025-07-21,AAPL,,4964,1477
2025-07-21,GOOGL,190.10000610351562,423,1478
2025-07-21,MSFT,510.05999755859375,6879,1479
2025-07-21,TSLA,328.489990234375,8352,1480
2025-07-22,AAPL,214.39999389648438,6235,1481
2025-07-22,GOOGL,191.33999633789062,6290,1482
2025-07-22,MSFT,505.2699890136719,3665,1483
2025-07-22,TSLA,332.1099853515625,6742,1484
2025-07-23,AAPL,214.14999389648438,3679,1485
2025-07-23,GOOGL,190.22999572753906,3978,1486
2025-07-23,MSFT,505.8699951171875,9929,1487
2025-07-23,TSLA,332.55999755859375,9928,1488
2025-07-24,AAPL,213.75999450683594,8086,1489
2025-07-24,GOOGL,192.1699981689453,6166,1490
2025-07-24,MSFT,510.8800048828125,9361,1491
2025-07-24,TSLA,305.29998779296875,2028,1492
2025-07-25,AAPL,213.8800048828125,8342,1493
2025-07-25,GOOGL,193.17999267578125,9829,1494
2025-07-25,MSFT,513.7100219726562,3683,1495
2025-07-25,TSLA,316.05999755859375,2957,1496
2025-07-28,AAPL,214.0500030517578,9535,1497
2025-07-28,GOOGL,192.5800018310547,3267,1498
2025-07-28,MSFT,512.5,3997,1499
2025-07-28,TSLA,325.5899963378906,6843,1500
2025-07-29,AAPL,211.27000427246094,9838,1501
2025-07-29,GOOGL,195.75,9943,1502
2025-07-29,MSFT,512.5700073242188,4844,1503
2025-07-29,TSLA,321.20001220703125,3576,1504
2025-07-30,AAPL,209.0500030517578,3489,1505
2025-07-30,GOOGL,196.52999877929688,7858,1506
2025-07-30,MSFT,513.239990234375,121,1507
2025-07-30,TSLA,319.0400085449219,4720,1508
2025-07-31,AAPL,207.57000732421875,8546,1509
2025-07-31,GOOGL,191.89999389648438,4616,1510
2025-07-31,MSFT,533.5,6317,1511
2025-07-31,TSLA,308.2699890136719,795,1512
2025-08-01,AAPL,202.3800048828125,2984,1513
2025-08-01,GOOGL,189.1300048828125,4728,1514
2025-08-01,MSFT,524.1099853515625,9390,1515
2025-08-01,TSLA,302.6300048828125,751,1516
2025-08-04,AAPL,203.35000610351562,5342,1517
2025-08-04,GOOGL,195.0399932861328,1409,1518
2025-08-04,MSFT,535.6400146484375,7292,1519
2025-08-04,TSLA,309.260009765625,5034,1520
2025-08-05,AAPL,202.9199981689453,622,1521
2025-08-05,GOOGL,194.6699981689453,6689,1522
2025-08-05,MSFT,527.75,7604,1523
2025-08-05,TSLA,308.7200012207031,6738,1524
2025-08-06,AAPL,213.25,9376,1525
2025-08-06,GOOGL,196.08999633789062,6062,1526
2025-08-06,MSFT,524.9400024414062,2526,1527
2025-08-06,TSLA,319.9100036621094,260,1528
2025-08-07,AAPL,220.02999877929688,3878,1529
2025-08-07,GOOGL,196.52000427246094,3636,1530
2025-08-07,MSFT,520.8400268554688,4220,1531
2025-08-07,TSLA,322.2699890136719,5660,1532
2025-08-08,AAPL,229.35000610351562,5710,1533
2025-08-08,GOOGL,201.4199981689453,3323,1534
2025-08-08,MSFT,522.0399780273438,3293,1535
2025-08-08,TSLA,329.6499938964844,8884,1536
2025-08-11,AAPL,,-999,1537
2025-08-11,GOOGL,201.0,3883,1538
2025-08-11,MSFT,521.77001953125,1128,1539
2025-08-11,TSLA,339.0299987792969,4638,1540
2025-08-12,AAPL,229.64999389648438,3924,1541
2025-08-12,GOOGL,,6388,1542
2025-08-12,MSFT,529.239990234375,5761,1543
2025-08-12,TSLA,340.8399963378906,4161,1544
2025-08-13,AAPL,233.3300018310547,293,1545
2025-08-13,GOOGL,201.9600067138672,6357,1546
2025-08-13,MSFT,520.5800170898438,6729,1547
2025-08-13,TSLA,339.3800048828125,3380,1548
2025-08-14,AAPL,232.77999877929688,8013,1549
2025-08-14,GOOGL,202.94000244140625,4263,1550
2025-08-14,MSFT,,-999,1551
2025-08-14,TSLA,335.5799865722656,965,1552
2025-08-15,AAPL,231.58999633789062,5629,1553
2025-08-15,GOOGL,203.89999389648438,2916,1554
2025-08-15,MSFT,520.1699829101562,3405,1555
2025-08-15,TSLA,330.55999755859375,7814,1556
2025-08-18,AAPL,,4210,1557
2025-08-18,GOOGL,203.5,6884,1558
2025-08-18,MSFT,517.0999755859375,2450,1559
2025-08-18,TSLA,335.1600036621094,3772,1560
2025-08-19,AAPL,,499,1561
2025-08-19,GOOGL,201.57000732421875,3052,1562
2025-08-19,MSFT,509.7699890136719,4958,1563
2025-08-19,TSLA,329.30999755859375,4664,1564
2025-08-20,AAPL,226.00999450683594,4925,1565
2025-08-20,GOOGL,,2501,1566
2025-08-20,MSFT,505.7200012207031,3594,1567
2025-08-20,TSLA,323.8999938964844,4182,1568
2025-08-21,AAPL,,5598,1569
2025-08-21,GOOGL,199.75,6398,1570
2025-08-21,MSFT,504.239990234375,9175,1571
2025-08-21,TSLA,320.1099853515625,9853,1572
2025-08-22,AAPL,227.75999450683594,8958,1573
2025-08-22,GOOGL,206.08999633789062,1807,1574
2025-08-22,MSFT,507.2300109863281,9655,1575
2025-08-22,TSLA,340.010009765625,5843,1576
2025-08-25,AAPL,227.16000366210938,192,1577
2025-08-25,GOOGL,208.49000549316406,4355,1578
2025-08-25,MSFT,504.260009765625,3893,1579
2025-08-25,TSLA,346.6000061035156,7910,1580
2025-08-26,AAPL,229.30999755859375,3660,1581
2025-08-26,GOOGL,207.13999938964844,2811,1582
2025-08-26,MSFT,502.0400085449219,3213,1583
2025-08-26,TSLA,351.6700134277344,6699,1584
2025-08-27,AAPL,230.49000549316406,4956,1585
2025-08-27,GOOGL,207.47999572753906,3310,1586
2025-08-27,MSFT,506.739990234375,6110,1587
2025-08-27,TSLA,349.6000061035156,8574,1588
2025-08-28,AAPL,232.55999755859375,8856,1589
2025-08-28,GOOGL,211.63999938964844,6625,1590
2025-08-28,MSFT,509.6400146484375,5031,1591
2025-08-28,TSLA,345.9800109863281,272,1592
2025-08-29,AAPL,232.13999938964844,4186,1593
2025-08-29,GOOGL,212.91000366210938,638,1594
2025-08-29,MSFT,,-999,1595
2025-08-29,TSLA,333.8699951171875,9086,1596
2025-09-02,AAPL,229.72000122070312,2853,1597
2025-09-02,GOOGL,211.35000610351562,7854,1598
2025-09-02,MSFT,505.1199951171875,3992,1599
2025-09-02,TSLA,329.3599853515625,717,1600
2025-09-03,AAPL,238.47000122070312,415,1601
2025-09-03,GOOGL,230.66000366210938,6848,1602
2025-09-03,MSFT,505.3500061035156,7519,1603
2025-09-03,TSLA,334.0899963378906,7383,1604
2025-09-04,AAPL,239.77999877929688,6100,1605
2025-09-04,GOOGL,232.3000030517578,2961,1606
2025-09-04,MSFT,507.9700012207031,1749,1607
2025-09-04,TSLA,338.5299987792969,651,1608
2025-09-05,AAPL,239.69000244140625,4472,1609
2025-09-05,GOOGL,235.0,4291,1610
2025-09-05,MSFT,495.0,280,1611
2025-09-05,TSLA,350.8399963378906,2000,1612
2025-09-08,AAPL,237.8800048828125,6316,1613
2025-09-08,GOOGL,234.0399932861328,8679,1614
2025-09-08,MSFT,498.20001220703125,1436,1615
2025-09-08,TSLA,346.3999938964844,809,1616
2025-09-09,AAPL,234.35000610351562,1438,1617
2025-09-09,GOOGL,239.6300048828125,7883,1618
2025-09-09,MSFT,498.4100036621094,3903,1619
2025-09-09,TSLA,346.9700012207031,7468,1620
2025-09-10,AAPL,,8778,1621
2025-09-10,GOOGL,239.1699981689453,1933,1622
2025-09-10,MSFT,500.3699951171875,3248,1623
2025-09-10,TSLA,347.7900085449219,1019,1624
2025-09-11,AAPL,230.02999877929688,554,1625
2025-09-11,GOOGL,240.3699951171875,8158,1626
2025-09-11,MSFT,501.010009765625,9114,1627
2025-09-11,TSLA,368.80999755859375,4297,1628
2025-09-12,AAPL,234.07000732421875,6223,1629
2025-09-12,GOOGL,240.8000030517578,5142,1630
2025-09-12,MSFT,509.8999938964844,9674,1631
2025-09-12,TSLA,395.94000244140625,6245,1632
2025-09-15,AAPL,236.6999969482422,991,1633
2025-09-15,GOOGL,251.61000061035156,8911,1634
2025-09-15,MSFT,515.3599853515625,5475,1635
2025-09-15,TSLA,410.0400085449219,2695,1636
2025-09-16,AAPL,238.14999389648438,7648,1637
2025-09-16,GOOGL,251.16000366210938,288,1638
2025-09-16,MSFT,509.0400085449219,1085,1639
2025-09-16,TSLA,421.6199951171875,3022,1640
2025-09-17,AAPL,238.99000549316406,8231,1641
2025-09-17,GOOGL,249.52999877929688,3793,1642
2025-09-17,MSFT,510.0199890136719,7748,1643
2025-09-17,TSLA,425.8599853515625,9803,1644
2025-09-18,AAPL,237.8800048828125,477,1645
2025-09-18,GOOGL,252.02999877929688,8385,1646
2025-09-18,MSFT,508.45001220703125,2218,1647
2025-09-18,TSLA,,-999,1648
2025-09-19,AAPL,245.5,8810,1649
2025-09-19,GOOGL,254.72000122070312,1740,1650
2025-09-19,MSFT,517.9299926757812,1556,1651
2025-09-19,TSLA,426.07000732421875,1187,1652
2025-09-22,AAPL,256.0799865722656,6424,1653
2025-09-22,GOOGL,252.52999877929688,7866,1654
2025-09-22,MSFT,514.4500122070312,362,1655
2025-09-22,TSLA,434.2099914550781,2175,1656
2025-09-23,AAPL,254.42999267578125,8206,1657
2025-09-23,GOOGL,251.66000366210938,1858,1658
2025-09-23,MSFT,509.2300109863281,6516,1659
2025-09-23,TSLA,425.8500061035156,2561,1660
2025-09-24,AAPL,252.30999755859375,2878,1661
2025-09-24,GOOGL,247.13999938964844,5991,1662
2025-09-24,MSFT,510.1499938964844,9380,1663
2025-09-24,TSLA,442.7900085449219,9057,1664
2025-09-25,AAPL,256.8699951171875,633,1665
2025-09-25,GOOGL,245.7899932861328,7719,1666
2025-09-25,MSFT,507.0299987792969,8626,1667
2025-09-25,TSLA,423.3900146484375,2528,1668
2025-09-26,AAPL,255.4600067138672,6550,1669
2025-09-26,GOOGL,246.5399932861328,195,1670
2025-09-26,MSFT,511.4599914550781,1312,1671
2025-09-26,TSLA,,3788,1672
2025-09-29,AAPL,254.42999267578125,5657,1673
2025-09-29,GOOGL,244.0500030517578,5155,1674
2025-09-29,MSFT,514.5999755859375,7253,1675
2025-09-29,TSLA,443.2099914550781,5336,1676
2025-09-30,AAPL,254.6300048828125,2685,1677
2025-09-30,GOOGL,243.10000610351562,5814,1678
2025-09-30,MSFT,517.9500122070312,4920,1679
2025-09-30,TSLA,444.7200012207031,9072,1680
2025-10-01,AAPL,255.4499969482422,5452,1681
2025-10-01,GOOGL,244.89999389648438,6436,1682
2025-10-01,MSFT,519.7100219726562,1584,1683
2025-10-01,TSLA,459.4599914550781,2652,1684
2025-10-02,AAPL,257.1300048828125,519,1685
2025-10-02,GOOGL,245.69000244140625,3025,1686
2025-10-02,MSFT,515.739990234375,4762,1687
2025-10-02,TSLA,436.0,9420,1688
2025-10-03,AAPL,258.0199890136719,6681,1689
2025-10-03,GOOGL,245.35000610351562,8105,1690
2025-10-03,MSFT,517.3499755859375,2079,1691
2025-10-03,TSLA,429.8299865722656,1526,1692
2025-10-06,AAPL,,8620,1693
2025-10-06,GOOGL,250.42999267578125,9375,1694
2025-10-06,MSFT,528.5700073242188,4867,1695
2025-10-06,TSLA,453.25,1420,1696
2025-10-07,AAPL,256.4800109863281,568,1697
2025-10-07,GOOGL,245.75999450683594,2620,1698
2025-10-07,MSFT,523.97998046875,5660,1699
2025-10-07,TSLA,433.0899963378906,2078,1700
2025-10-08,AAPL,258.05999755859375,8671,1701
2025-10-08,GOOGL,244.6199951171875,4566,1702
2025-10-08,MSFT,524.8499755859375,3815,1703
2025-10-08,TSLA,438.69000244140625,5894,1704
2025-10-09,AAPL,254.0399932861328,3313,1705
2025-10-09,GOOGL,241.52999877929688,1874,1706
2025-10-09,MSFT,522.4000244140625,5746,1707
2025-10-09,TSLA,435.5400085449219,9732,1708
2025-10-10,AAPL,245.27000427246094,8282,1709
2025-10-10,GOOGL,236.57000732421875,1943,1710
2025-10-10,MSFT,510.9599914550781,5634,1711
2025-10-10,TSLA,413.489990234375,8947,1712
2025-10-13,AAPL,247.66000366210938,5814,1713
2025-10-13,GOOGL,244.14999389648438,2142,1714
2025-10-13,MSFT,514.0499877929688,6421,1715
2025-10-13,TSLA,435.8999938964844,1536,1716
2025-10-14,AAPL,247.77000427246094,8213,1717
2025-10-14,GOOGL,245.4499969482422,5129,1718
2025-10-14,MSFT,513.5700073242188,2536,1719
2025-10-14,TSLA,429.239990234375,3578,1720
2025-10-15,AAPL,249.33999633789062,1531,1721
2025-10-15,GOOGL,251.02999877929688,6593,1722
2025-10-15,MSFT,513.4299926757812,7140,1723
2025-10-15,TSLA,435.1499938964844,8410,1724
2025-10-16,AAPL,247.4499969482422,1644,1725
2025-10-16,GOOGL,251.4600067138672,5083,1726
2025-10-16,MSFT,511.6099853515625,4781,1727
2025-10-16,TSLA,,9417,1728
2025-10-17,AAPL,252.2899932861328,9789,1729
2025-10-17,GOOGL,253.3000030517578,3694,1730
2025-10-17,MSFT,513.5800170898438,7182,1731
2025-10-17,TSLA,439.30999755859375,4114,1732
2025-10-20,AAPL,262.239990234375,6060,1733
2025-10-20,GOOGL,256.54998779296875,2677,1734
2025-10-20,MSFT,516.7899780273438,3538,1735
2025-10-20,TSLA,447.42999267578125,4545,1736
2025-10-21,AAPL,262.7699890136719,1010,1737
2025-10-21,GOOGL,250.4600067138672,2128,1738
2025-10-21,MSFT,517.6599731445312,4301,1739
2025-10-21,TSLA,442.6000061035156,2079,1740
2025-10-22,AAPL,258.45001220703125,3982,1741
2025-10-22,GOOGL,251.69000244140625,3093,1742
2025-10-22,MSFT,520.5399780273438,2706,1743
2025-10-22,TSLA,,-999,1744
2025-10-23,AAPL,259.5799865722656,2729,1745
2025-10-23,GOOGL,253.0800018310547,6265,1746
2025-10-23,MSFT,520.5599975585938,2468,1747
2025-10-23,TSLA,448.9800109863281,6680,1748
2025-10-24,AAPL,262.82000732421875,5936,1749
2025-10-24,GOOGL,259.9200134277344,2843,1750
2025-10-24,MSFT,523.6099853515625,793,1751
2025-10-24,TSLA,433.7200012207031,5584,1752
2025-10-27,AAPL,268.80999755859375,5527,1753
2025-10-27,GOOGL,269.2699890136719,9708,1754
2025-10-27,MSFT,531.52001953125,4940,1755
2025-10-27,TSLA,452.4200134277344,6436,1756
2025-10-28,AAPL,269.0,9504,1757
2025-10-28,GOOGL,267.4700012207031,2169,1758
2025-10-28,MSFT,542.0700073242188,4728,1759
2025-10-28,TSLA,,4911,1760
2025-10-29,AAPL,269.70001220703125,8395,1761
2025-10-29,GOOGL,274.57000732421875,4429,1762
2025-10-29,MSFT,541.5499877929688,5686,1763
2025-10-29,TSLA,461.510009765625,3188,1764
2025-10-30,AAPL,271.3999938964844,7669,1765
2025-10-30,GOOGL,281.4800109863281,1939,1766
2025-10-30,MSFT,525.760009765625,9673,1767
2025-10-30,TSLA,440.1000061035156,2268,1768
2025-10-31,AAPL,270.3699951171875,9585,1769
2025-10-31,GOOGL,281.19000244140625,3161,1770
2025-10-31,MSFT,517.8099975585938,8889,1771
2025-10-31,TSLA,456.55999755859375,4464,1772
2025-11-03,AAPL,269.04998779296875,4273,1773
2025-11-03,GOOGL,283.7200012207031,4159,1774
2025-11-03,MSFT,517.030029296875,4468,1775
2025-11-03,TSLA,468.3699951171875,9198,1776
2025-11-04,AAPL,270.0400085449219,8838,1777
2025-11-04,GOOGL,277.5400085449219,7983,1778
2025-11-04,MSFT,514.3300170898438,466,1779
2025-11-04,TSLA,444.260009765625,8849,1780
2025-11-05,AAPL,270.1400146484375,7555,1781
2025-11-05,GOOGL,284.30999755859375,7304,1782
2025-11-05,MSFT,507.1600036621094,8117,1783
2025-11-05,TSLA,462.07000732421875,9374,1784
2025-11-06,AAPL,269.7699890136719,8275,1785
2025-11-06,GOOGL,284.75,6195,1786
2025-11-06,MSFT,497.1000061035156,4749,1787
2025-11-06,TSLA,445.9100036621094,4321,1788
2025-11-07,AAPL,268.4700012207031,5240,1789
2025-11-07,GOOGL,,9717,1790
2025-11-07,MSFT,496.82000732421875,8931,1791
2025-11-07,TSLA,429.5199890136719,3030,1792
2025-11-10,AAPL,269.42999267578125,9257,1793
2025-11-10,GOOGL,290.1000061035156,308,1794
2025-11-10,MSFT,506.0,3655,1795
2025-11-10,TSLA,445.2300109863281,9761,1796
2025-11-11,AAPL,275.25,7213,1797
2025-11-11,GOOGL,291.30999755859375,2243,1798
2025-11-11,MSFT,508.67999267578125,2021,1799
2025-11-11,TSLA,439.6199951171875,8028,1800
2025-11-12,AAPL,273.4700012207031,6492,1801
2025-11-12,GOOGL,286.7099914550781,5123,1802
2025-11-12,MSFT,511.1400146484375,9670,1803
2025-11-12,TSLA,430.6000061035156,983,1804
2025-11-13,AAPL,272.95001220703125,2322,1805
2025-11-13,GOOGL,278.57000732421875,8372,1806
2025-11-13,MSFT,503.2900085449219,2688,1807
2025-11-13,TSLA,401.989990234375,4232,1808
2025-11-14,AAPL,272.4100036621094,5931,1809
2025-11-14,GOOGL,,7383,1810
2025-11-14,MSFT,510.17999267578125,6832,1811
2025-11-14,TSLA,404.3500061035156,649,1812
2025-11-17,AAPL,267.4599914550781,9609,1813
2025-11-17,GOOGL,285.0199890136719,6699,1814
2025-11-17,MSFT,507.489990234375,1214,1815
2025-11-17,TSLA,408.9200134277344,322,1816
2025-11-18,AAPL,267.44000244140625,6387,1817
2025-11-18,GOOGL,284.2799987792969,3489,1818
2025-11-18,MSFT,493.7900085449219,8984,1819
2025-11-18,TSLA,,9088,1820
2025-11-19,AAPL,268.55999755859375,959,1821
2025-11-19,GOOGL,292.80999755859375,6744,1822
2025-11-19,MSFT,487.1199951171875,3699,1823
2025-11-19,TSLA,403.989990234375,5484,1824
2025-11-20,AAPL,266.25,3582,1825
2025-11-20,GOOGL,289.45001220703125,1032,1826
2025-11-20,MSFT,478.42999267578125,4934,1827
2025-11-20,TSLA,395.2300109863281,1017,1828
2025-11-21,AAPL,271.489990234375,7634,1829
2025-11-21,GOOGL,299.6600036621094,6036,1830
2025-11-21,MSFT,472.1199951171875,6357,1831
2025-11-21,TSLA,391.0899963378906,3935,1832
2025-11-24,AAPL,275.9200134277344,3531,1833
2025-11-24,GOOGL,318.5799865722656,7211,1834
2025-11-24,MSFT,474.0,1523,1835
2025-11-24,TSLA,417.7799987792969,4268,1836
2025-11-25,AAPL,276.9700012207031,9972,1837
2025-11-25,GOOGL,323.44000244140625,9526,1838
2025-11-25,MSFT,476.989990234375,2511,1839
2025-11-25,TSLA,419.3999938964844,7138,1840
2025-11-26,AAPL,277.54998779296875,7113,1841
2025-11-26,GOOGL,319.95001220703125,8668,1842
2025-11-26,MSFT,485.5,238,1843
2025-11-26,TSLA,426.5799865722656,3824,1844
2025-11-28,AAPL,278.8500061035156,658,1845
2025-11-28,GOOGL,320.17999267578125,5424,1846
2025-11-28,MSFT,492.010009765625,4407,1847
2025-11-28,TSLA,430.1700134277344,6774,1848
2025-12-01,AAPL,283.1000061035156,9088,1849
2025-12-01,GOOGL,,-999,1850
2025-12-01,MSFT,486.739990234375,1714,1851
2025-12-01,TSLA,,-999,1852
2025-12-02,AAPL,286.19000244140625,2717,1853
2025-12-02,GOOGL,315.80999755859375,8147,1854
2025-12-02,MSFT,490.0,2969,1855
2025-12-02,TSLA,429.239990234375,3374,1856
2025-12-03,AAPL,284.1499938964844,2577,1857
2025-12-03,GOOGL,319.6300048828125,7266,1858
2025-12-03,MSFT,477.7300109863281,4945,1859
2025-12-03,TSLA,446.739990234375,7012,1860
2025-12-04,AAPL,280.70001220703125,7879,1861
2025-12-04,GOOGL,317.6199951171875,7898,1862
2025-12-04,MSFT,480.8399963378906,3201,1863
2025-12-04,TSLA,454.5299987792969,1798,1864
2025-12-05,AAPL,278.7799987792969,2170,1865
2025-12-05,GOOGL,321.2699890136719,6962,1866
2025-12-05,MSFT,,9799,1867
2025-12-05,TSLA,455.0,3389,1868
2025-12-08,AAPL,277.8900146484375,3483,1869
2025-12-08,GOOGL,313.7200012207031,6665,1870
2025-12-08,MSFT,491.0199890136719,1205,1871
2025-12-08,TSLA,439.5799865722656,5384,1872
2025-12-09,AAPL,277.17999267578125,8837,1873
2025-12-09,GOOGL,317.0799865722656,6072,1874
2025-12-09,MSFT,492.0199890136719,9547,1875
2025-12-09,TSLA,445.1700134277344,5907,1876
2025-12-10,AAPL,,6004,1877
2025-12-10,GOOGL,320.2099914550781,4470,1878
2025-12-10,MSFT,478.55999755859375,3083,1879
2025-12-10,TSLA,451.45001220703125,8907,1880
2025-12-11,AAPL,278.0299987792969,6795,1881
2025-12-11,GOOGL,312.42999267578125,8389,1882
2025-12-11,MSFT,483.4700012207031,2822,1883
2025-12-11,TSLA,446.8900146484375,8036,1884
2025-12-12,AAPL,278.2799987792969,2461,1885
2025-12-12,GOOGL,309.2900085449219,6322,1886
2025-12-12,MSFT,478.5299987792969,8263,1887
2025-12-12,TSLA,458.9599914550781,5625,1888
2025-12-15,AAPL,274.1099853515625,3969,1889
2025-12-15,GOOGL,308.2200012207031,7124,1890
2025-12-15,MSFT,474.82000732421875,3939,1891
2025-12-15,TSLA,475.30999755859375,2687,1892
2025-12-16,AAPL,274.6099853515625,1495,1893
2025-12-16,GOOGL,306.57000732421875,2385,1894
2025-12-16,MSFT,476.3900146484375,8663,1895
2025-12-16,TSLA,489.8800048828125,7869,1896
2025-12-17,AAPL,271.8399963378906,3329,1897
2025-12-17,GOOGL,296.7200012207031,3609,1898
2025-12-17,MSFT,476.1199951171875,9693,1899
2025-12-17,TSLA,467.260009765625,6257,1900
2025-12-18,AAPL,272.19000244140625,8928,1901
2025-12-18,GOOGL,,-999,1902
2025-12-18,MSFT,483.9800109863281,8565,1903
2025-12-18,TSLA,483.3699951171875,6534,1904
2025-12-19,AAPL,273.6700134277344,9412,1905
2025-12-19,GOOGL,307.1600036621094,970,1906
2025-12-19,MSFT,485.9200134277344,7833,1907
2025-12-19,TSLA,481.20001220703125,9404,1908
2025-12-22,AAPL,270.9700012207031,3013,1909
2025-12-22,GOOGL,309.7799987792969,6243,1910
2025-12-22,MSFT,484.9200134277344,3091,1911
2025-12-22,TSLA,488.7300109863281,3074,1912
2025-12-23,AAPL,272.3599853515625,5397,1913
2025-12-23,GOOGL,314.3500061035156,9366,1914
2025-12-23,MSFT,486.8500061035156,4338,1915
2025-12-23,TSLA,485.55999755859375,4833,1916
2025-12-24,AAPL,273.80999755859375,8875,1917
2025-12-24,GOOGL,314.0899963378906,6320,1918
2025-12-24,MSFT,488.0199890136719,905,1919
2025-12-24,TSLA,485.3999938964844,1500,1920
2025-12-26,AAPL,273.3999938964844,4433,1921
2025-12-26,GOOGL,313.510009765625,3585,1922
2025-12-26,MSFT,487.7099914550781,1011,1923
2025-12-26,TSLA,475.19000244140625,9074,1924
2025-12-29,AAPL,273.760009765625,2829,1925
2025-12-29,GOOGL,313.55999755859375,3963,1926
2025-12-29,MSFT,487.1000061035156,9797,1927
2025-12-29,TSLA,459.6400146484375,8895,1928
2025-12-30,AAPL,273.0799865722656,3769,1929
2025-12-30,GOOGL,313.8500061035156,9215,1930
2025-12-30,MSFT,487.4800109863281,9590,1931
2025-12-30,TSLA,454.42999267578125,8492,1932
2025-12-31,AAPL,271.8599853515625,1245,1933
2025-12-31,GOOGL,313.0,4353,1934
2025-12-31,MSFT,483.6199951171875,9566,1935
2025-12-31,TSLA,449.7200012207031,3943,1936
2026-01-02,AAPL,271.010009765625,3534,1937
2026-01-02,GOOGL,315.1499938964844,4738,1938
2026-01-02,MSFT,472.94000244140625,1820,1939
2026-01-02,TSLA,438.07000732421875,8819,1940
2026-01-05,AAPL,267.260009765625,7545,1941
2026-01-05,GOOGL,316.5400085449219,2375,1942
2026-01-05,MSFT,472.8500061035156,6170,1943
2026-01-05,TSLA,451.6700134277344,5484,1944
2026-01-06,AAPL,262.3599853515625,365,1945
2026-01-06,GOOGL,314.3399963378906,2598,1946
2026-01-06,MSFT,478.510009765625,9708,1947
2026-01-06,TSLA,432.9599914550781,7987,1948
2026-01-07,AAPL,260.3299865722656,9946,1949
2026-01-07,GOOGL,321.9800109863281,5047,1950
2026-01-07,MSFT,483.4700012207031,9590,1951
2026-01-07,TSLA,431.4100036621094,3025,1952
2026-01-08,AAPL,259.0400085449219,2436,1953
2026-01-08,GOOGL,325.44000244140625,424,1954
2026-01-08,MSFT,,5525,1955
2026-01-08,TSLA,435.79998779296875,8002,1956
2026-01-09,AAPL,259.3699951171875,6128,1957
2026-01-09,GOOGL,328.57000732421875,3761,1958
2026-01-09,MSFT,479.2799987792969,6308,1959
2026-01-09,TSLA,445.010009765625,9164,1960
2026-01-12,AAPL,260.25,7723,1961
2026-01-12,GOOGL,331.8599853515625,2993,1962
2026-01-12,MSFT,477.17999267578125,8670,1963
2026-01-12,TSLA,448.9599914550781,147,1964
2026-01-13,AAPL,261.04998779296875,9139,1965
2026-01-13,GOOGL,335.9700012207031,2448,1966
2026-01-13,MSFT,,-999,1967
2026-01-13,TSLA,447.20001220703125,4461,1968
2026-01-14,AAPL,259.9599914550781,3808,1969
2026-01-14,GOOGL,335.8399963378906,3433,1970
2026-01-14,MSFT,459.3800048828125,782,1971
2026-01-14,TSLA,439.20001220703125,7737,1972
2026-01-15,AAPL,258.2099914550781,2488,1973
2026-01-15,GOOGL,332.7799987792969,9471,1974
2026-01-15,MSFT,456.6600036621094,5087,1975
2026-01-15,TSLA,438.57000732421875,9324,1976
2026-01-16,AAPL,255.52999877929688,8217,1977
2026-01-16,GOOGL,330.0,4270,1978
2026-01-16,MSFT,459.8599853515625,5455,1979
2026-01-16,TSLA,,469,1980
2026-01-20,AAPL,246.6999969482422,4040,1981
2026-01-20,GOOGL,322.0,796,1982
2026-01-20,MSFT,454.5199890136719,5042,1983
2026-01-20,TSLA,419.25,6319,1984
2026-01-21,AAPL,247.64999389648438,3083,1985
2026-01-21,GOOGL,328.3800048828125,4497,1986
2026-01-21,MSFT,444.1099853515625,2691,1987
2026-01-21,TSLA,431.44000244140625,8271,1988
2026-01-22,AAPL,248.35000610351562,5911,1989
2026-01-22,GOOGL,330.5400085449219,7521,1990
2026-01-22,MSFT,451.1400146484375,8309,1991
2026-01-22,TSLA,449.3599853515625,2687,1992
2026-01-23,AAPL,248.0399932861328,1796,1993
2026-01-23,GOOGL,327.92999267578125,915,1994
2026-01-23,MSFT,465.95001220703125,8961,1995
2026-01-23,TSLA,449.05999755859375,1985,1996
2026-01-26,AAPL,255.41000366210938,2729,1997
2026-01-26,GOOGL,333.260009765625,2716,1998
2026-01-26,MSFT,470.2799987792969,8959,1999
2026-01-26,TSLA,435.20001220703125,3156,2000
2026-01-27,AAPL,258.2699890136719,2847,2001
2026-01-27,GOOGL,334.54998779296875,681,2002
2026-01-27,MSFT,480.5799865722656,414,2003
2026-01-27,TSLA,430.8999938964844,5467,2004
2024-01-29,AAPL,191.72999572753906,2534,1
2024-01-29,GOOGL,153.50999450683594,6342,2
2024-01-29,MSFT,409.7200012207031,1742,3
2024-01-29,TSLA,190.92999267578125,2528,4
2024-01-30,AAPL,188.0399932861328,5139,5
2024-01-30,GOOGL,151.4600067138672,1623,6
2024-01-30,MSFT,408.5899963378906,3168,7
2024-01-30,TSLA,191.58999633789062,2299,8
2024-01-31,AAPL,184.39999389648438,4186,9
2024-01-31,GOOGL,140.10000610351562,6423,10
